id,text,difficulty,category,status,group
w_4ee4e75379,8 березня,easy,holidays,core,
w_b1634aa448,абітурієнт,easy,people,core,
w_0fb1931951,абрикос,easy,food,core,
w_e0a9ab35cf,аванс,easy,work,core,
w_58b8d89467,аварія,easy,events,core,
w_823d4f967f,аватар,easy,internet,core,
w_f1b2fb0b90,авокадо,easy,food,core,
w_ec7b3cc207,автобус,easy,transport,core,
w_394d23ab94,автогол,medium,sports,core,
w_2f125e6f23,автомийка,easy,places,core,
w_dfb4fd93be,автостоп,easy,travel,core,
w_b40fc4669c,аґрус,easy,food,core,
w_3b81ef7ac2,адаптер,easy,technology,core,
w_6bc4f27db6,адвокат,easy,professions,core,
w_36ccf3908b,аджика,easy,food,core,
w_018163151a,адідас,easy,brands,core,
w_13120140ce,адміністратор,easy,professions,core,
w_1769b9c376,аеробіка,easy,sports,core,
w_ee073d54dd,аеропорт,easy,places,core,
w_523b83f49c,айран,easy,drinks,core,
w_740e04257c,айсберг,easy,nature,core,
w_fcfecac4f9,айфон,easy,brands,core,
w_98177fe577,академія,easy,places,core,
w_639e5f6de2,акаунт,easy,internet,core,
w_46fb0d9119,акація,easy,nature,core,
w_c94daa454d,аквапарк,easy,places,core,
w_590b42b921,акорд,easy,music,core,acord
w_469dc120a3,акордеон,easy,music,core,acord
w_fccc342a13,акробатика,medium,sports,core,
w_54125a228f,актовий зал,easy,places,core,
w_24efb4ddf3,акула,easy,animals,core,
w_ca8767293b,акумулятор,easy,technology,core,
w_20f0807f94,акуратність,easy,personality,core,
w_db386fe664,акушерка,easy,professions,core,
w_0c774b879b,алгебра,easy,school,core,
w_8a00dd9f22,алергія,easy,body,core,
w_eb031e599d,алея,easy,places,core,
w_4baaabe067,алігатор,easy,animals,core,
w_de66ed6955,алфавіт,easy,school,core,
w_1bde5d310a,альбатрос,medium,animals,core,
w_817dfcab1f,альбом,easy,school,core,
w_1dcb36fffe,альпака,medium,animals,reject,
w_c609256aab,альтанка,medium,places,core,
w_37a916bb1f,американо,easy,drinks,core,
w_e2435e4ab3,американські гірки,easy,games,core,
w_24572c1ff8,Амстердам,easy,cities,core,
w_23b90feceb,анаконда,easy,animals,core,
w_47da60c2ec,ананас,easy,food,core,pina
w_1cc88d8198,ананасовий сік,easy,drinks,core,pina
w_06d59fe9b6,ангел,easy,people,core,
w_a8a1553db7,англійська,easy,school,core,
w_a5cd9734ee,анкета,easy,work,core,
w_1dbf6d2d7b,анонс,easy,tv,core,
w_41c3adc6fc,ансамбль,easy,music,core,
w_20fba12342,антена,easy,technology,core,
w_580b41062b,антивірус,easy,technology,core,
w_5e8520bc41,антилопа,medium,animals,core,
w_5b6621350f,антракт,medium,movies,core,
w_5d02ec1656,аншлаг,easy,movies,core,
w_5307137d11,апельсин,easy,food,core,
w_147e7ba6cf,аптека,easy,places,core,apteka
w_392439cd27,аптекар,easy,professions,core,apteka
w_647c389f9f,аптечка,easy,body,core,apteka
w_f8df6797df,арахіс,easy,food,core,
w_287d81ebae,армреслінг,easy,sports,core,
w_446340c0b8,арфа,medium,music,core,
w_6bf118a1b4,архів,easy,work,core,
w_2b4d16cfb3,ательє,medium,places,core,
w_e34805afa7,атлас,easy,school,core,
w_6ded8e86f0,Афіни,easy,cities,core,
w_0d607328f5,афіша,easy,movies,core,
w_5900d1a4e8,бабак,medium,animals,core,
w_bd63c4e5e8,бабуїн,easy,animals,core,
w_55bb2203bc,бабуся,easy,family,core,
w_410427c585,бавовна,easy,nature,core,
w_0ccedf5e1a,багаж,easy,travel,core,bagaj
w_1367a26fd5,багажник,easy,transport,core,bagaj
w_f5f4fbd251,багатій,easy,people,core,
w_98f048c6b3,багатоніжка,easy,animals,core,
w_35c4fb5b8e,багет,easy,food,core,
w_9301c24929,бадмінтон,easy,sports,core,
w_3bff29d94c,бадьорість,easy,emotions,core,
w_b13f0d9239,базилік,easy,food,core,
w_b8b27548ef,байдарка,medium,transport,core,
w_cc3612a76e,байдужість,easy,emotions,core,
w_c3c874fb6c,Байрактар,easy,technology,core,bayraktar_root
w_7c37fee7e8,баклажан,easy,food,core,
w_9fbb8ad6d5,баклан,easy,animals,core,
w_ae2a0226ee,балаклава,easy,clothing,core,
w_60dc9ed0e4,балансування,easy,actions,core,
w_bda7427863,балет,easy,movies,core,balet1
w_a78734de9e,балетки,easy,clothing,core,balet1
w_14abddd0eb,балкон,easy,home,core,
w_50923d87b9,бамбук,easy,nature,core,
w_f089502e5a,бампер,easy,transport,core,
w_f13a20c327,банан,easy,food,core,
w_e018088a94,банда,easy,people,core,
w_f7ac5d98fd,бандура,easy,music,core,
w_e77b5f09cf,банер,easy,internet,core,
w_88bdf28486,банк,easy,places,core,bank
w_474b02586c,банка,easy,home,core,bank
w_003d5546a9,банкет,easy,events,core,bank
w_de912cdb31,банкір,easy,professions,core,bank
w_601bf77c08,банкомат,easy,places,core,bank
w_1fdf08c572,бант,easy,clothing,core,
w_9c0c6cdb41,бантик,easy,holidays,core,
w_103f230510,бар,easy,places,core,
w_9e396ca9ac,барабан,easy,music,core,baraban
w_d9ceb52260,барабанщик,easy,professions,core,baraban
w_012a3de662,баракуда,easy,animals,core,
w_1073a339f4,баран,easy,animals,core,
w_71c1a9aae4,барбі,easy,brands,core,
w_da574c8b82,барвінок,medium,nature,core,
w_ec41a9ee06,барліг,easy,animals,core,
w_b466a759a5,бармен,easy,professions,core,
w_21464858ed,барс,easy,animals,core,
w_d62a60141e,Барселона,easy,cities,core,
w_d45cdaae51,бас,easy,music,core,bass
w_044b3fdad5,бас-гітара,easy,music,core,bass
w_7ea7079024,басейн,easy,places,core,basik
w_7ba4a4f0e9,басейн з кульками,medium,games,core,basik
w_61e6e6145f,баскетбол,easy,sports,core,
w_078dec5289,батарейка,easy,technology,core,bat
w_a9b73171f7,батон,easy,food,core,
w_7e616afab1,батут,easy,sports,core,
w_35d059db6a,батьки,easy,family,core,father
w_1617c7b329,батько,easy,family,core,father
w_46edcd7bf4,баян,easy,music,core,
w_a62ecfce54,бджола,easy,animals,core,
w_cec4a1a36c,бегемот,easy,animals,core,
w_573a8fa185,безвіз,easy,travel,core,
w_6dcc909756,безе,easy,food,core,
w_f489e3ac77,безпека,easy,abstract,core,
w_57994949e4,безсоння,easy,body,core,
w_1eb9954b9e,безхатько,easy,people,core,
w_ea6c6edb96,бейсбол,easy,sports,core,
w_54806c4eb0,бекон,easy,food,core,
w_98ac0cef9d,бекпекінг,medium,travel,core,
w_e19a910cc9,берег,easy,nature,core,beret
w_2c31d569d1,береза,easy,nature,core,
w_b0a78a121b,берет,easy,clothing,core,beret
w_1025a3cce9,беркут,easy,animals,core,
w_7299114796,Берлін,easy,cities,core,
w_f8f59d25c4,бешкетування,medium,actions,core,
w_47a736ac37,бивень,medium,animals,core,
w_42e0f2c3eb,бик,easy,animals,core,
w_34c3de1eec,бинт,easy,body,core,
w_5a1ef95e59,бирка,medium,travel,core,
w_b0a439e0fc,бита,easy,sports,core,
w_8c1f88f2fe,битва,easy,history,core,
w_0dea3558d5,біатлон,easy,sports,core,
w_732d5bbd5b,бібліотекар,easy,professions,core,biblioteka
w_3940fee0c3,біг,easy,actions,core,run
w_def6c33ccf,біг на місці,medium,actions,core,run
w_6a51880194,бігун,easy,professions,core,run
w_8dcf500297,бізнес,easy,work,core,bussiness
w_6bb118a5f2,бізнес-клас,easy,travel,core,bussiness
w_10b05febc0,бізон,medium,animals,core,
w_36f24f1e2c,бійка,easy,actions,core,
w_fa568835d1,бікіні,easy,clothing,core,
w_bd87029aa2,білка,easy,animals,core,
w_457ed1deed,біль,easy,body,core,
w_b67ef7ec05,бінго,easy,games,core,
w_c1c77be679,біолог,easy,professions,core,
w_809405107a,біс,easy,movies,core,
w_f12691dffe,біт,easy,music,core,
w_3e7d10e4b4,благодійний вечір,medium,events,core,
w_bae1dbb6c0,блаженство,easy,emotions,core,
w_092dd13d13,бланк,medium,work,core,
w_8715857bd2,блекаут,easy,events,core,
w_58434b1bb7,блендер,easy,home,core,
w_ea274202a8,блеф,medium,behavior,reject,
w_97b4b09073,близнюк,easy,family,core,blyznyuk
w_172db90b93,близнючка,easy,family,core,blyznyuk
w_595f2f6f79,близнята,easy,family,core,blyznyuk
w_45a2fec470,близькість,easy,relationships,core,blyznyuk
w_14e1c49e6e,блискавка,easy,nature,core,
w_8fbed4e77b,блог,easy,internet,core,
w_8df1df4c78,блок живлення,medium,technology,core,
w_e902dc5f5a,блокнот,easy,school,core,
w_951b383d1d,блокпост,easy,places,core,
w_576c4eeb27,блоха,easy,animals,core,
w_fd1d27ca7d,блузка,easy,clothing,core,
w_aaaa70518a,блюдце,easy,home,core,
w_998454674f,блюз,medium,music,core,
w_0ececf7412,блютуз,easy,technology,core,
w_0cb8d576f7,бобер,easy,animals,core,
w_55ae880ddb,богатир,easy,people,core,
w_3faf0e64c3,богомол,easy,animals,core,
w_a1d0b406bd,боді,easy,clothing,core,body
w_a3bb7dcfc6,бойовик,easy,movies,core,
w_7e2a0f35df,бокс,easy,sports,core,box
w_cea89d93c2,боксер,easy,professions,core,box
w_64c02ccb65,боксерська груша,easy,sports,core,box
w_574918fd92,болгарка,easy,tools,core,
w_15985bb7fc,болото,easy,nature,core,swamp_gold
w_87098e59fb,болт,easy,tools,core,
w_79ea6d9adf,бомбер,medium,clothing,core,
w_68a27a7af9,бонус,easy,work,core,
w_e9d6315467,борг,easy,society,reject,
w_33e10cf210,бордюр,easy,transport,core,
w_a61db5f28b,боржомі,easy,brands,core,
w_95869e38a8,борода,easy,body,core,
w_32510acd62,боротьба,easy,actions,core,
w_b8fef91151,борошно,easy,food,core,
w_6b21418d98,борсук,easy,animals,core,
w_d0bdbb9929,борщ,easy,food,core,
w_f9a18832d8,бос,easy,people,core,
w_46c4971907,босоніжки,easy,clothing,core,
w_0c4a19ccf6,ботанічний сад,easy,places,core,
w_2cca786dbd,боулінг,easy,places,core,
w_2350842a24,боягуз,easy,people,core,
w_b65a9009ad,браслет,easy,clothing,core,
w_4fcce0e49f,брат,easy,family,core,
w_97b70443ab,браузер,easy,internet,core,
w_0fb87fa56f,брауні,easy,food,core,
w_fe0790c34d,брехня,easy,behavior,reject,
w_09939b310f,бриджі,easy,clothing,core,
w_0f430e5bb8,бринза,easy,food,core,
w_53479f1495,бритва,easy,home,core,
w_fc7e2f8777,брифінг,easy,events,core,
w_405df99833,брови,easy,body,core,
w_4652fc5e91,броколі,easy,food,core,
w_2112605ea7,бронежилет,easy,clothing,core,
w_3fdf3d71ce,броненосець,medium,animals,core,bron
w_d06b258aa7,бронь,easy,travel,core,bron
w_efc9c46029,бронювання,medium,travel,core,bron
w_a5c9455f1e,броня,easy,history,core,bron
w_ee1ad4f894,брошка,medium,clothing,core,
w_aced23fff7,брунька,medium,nature,core,
w_543df387ba,Брюссель,easy,cities,core,
w_8f45f0804a,брязкальце,medium,games,core,
w_a54719a21d,бублик,easy,food,core,
w_877f641982,бубон,easy,music,core,
w_201dff0db7,Будапешт,easy,cities,core,
w_54a6de717b,будень,easy,events,core,
w_2bf089bc60,будинок,easy,home,core,house
w_445db7fbb9,будинок культури,medium,places,core,house
w_64cb28a0ca,будівельник,easy,professions,core,
w_9312d4f60e,буйвіл,easy,animals,core,
w_32f549b7a2,бук,easy,nature,core,
w_9f89d0282f,буквар,easy,school,core,
w_07bebafa6e,булава,easy,history,core,
w_d1ef5e89e1,булочка,easy,food,core,
w_e4a4710518,бульдог,easy,animals,core,
w_42f4996d04,бульдозер,easy,transport,core,
w_503dbc6df7,бульйон,easy,food,core,
w_279132475b,бункер,easy,places,core,
w_18b00ed06e,бурулька,easy,nature,core,
w_8bec647022,бурундук,medium,animals,core,
w_a4eb92b32b,буря,easy,nature,core,
w_4db00c3ce8,буряк,easy,food,core,
w_788e5651ad,бутерброд,easy,food,core,
w_fb31686289,бутси,easy,clothing,core,
w_652e6b479c,буфет,easy,places,core,
w_d3d7bf2f75,бухгалтер,easy,professions,core,
w_aceb173a6c,бухта,easy,places,core,
w_dfa5e6d737,бюджет,easy,society,reject,
w_836f90c0d3,бюстгальтер,easy,clothing,core,
w_6eb2a444ea,в'єтнамки,easy,clothing,core,
w_675d47fc11,в'язання,easy,actions,core,
w_0bbc7d7bb2,в'язниця,easy,places,core,
w_6b351beafc,вага,easy,science,core,weight
w_142e0c926f,ваги,easy,home,core,weight
w_48ea0f4d87,вагон,easy,transport,core,
w_a79d854182,важка атлетика,easy,sports,core,
w_69322d2243,ваза,easy,home,core,
w_9fb1940b0d,вайфай,easy,internet,core,
w_a26ffc302f,вакансія,easy,work,core,
w_068ae846f6,Валентинів день,medium,holidays,core,
w_6089eabbba,валентинка,easy,holidays,core,
w_c276c8771e,валик,easy,tools,core,
w_39faf3aa71,валіза,easy,travel,core,
w_d4468ebfe3,вальс,easy,music,core,
w_c1d114e00a,валянки,easy,clothing,core,
w_26a8f5ff2f,вампір,easy,people,core,
w_b487be0501,ваніль,easy,food,core,
w_7b016f7d63,ванна,easy,home,core,
w_602c14ce50,вантажівка,easy,transport,core,vantaj
w_5e3ede7457,вантажник,easy,professions,core,vantaj
w_0e453c6fb4,варан,easy,animals,core,
w_c6e90871d7,вареник,easy,food,core,
w_9a603ef52c,варення,easy,food,core,
w_62b0d47bdb,варіант,easy,abstract,core,
w_34da537a70,Варшава,easy,cities,core,
w_8d828794b3,вата,easy,body,core,
w_5525e6980c,ваучер,easy,travel,core,
w_df405644bd,вафлі,easy,food,core,
w_deccc40543,Вашингтон,easy,cities,core,
w_679537f1d9,ввічливість,easy,behavior,core,
w_9fae7de630,вдячність,easy,emotions,core,
w_1b4ff5dd38,вебкамера,easy,technology,core,
w_b0598a8224,вебсайт,easy,internet,core,
w_6d7b8c05a4,ведмедик,easy,games,core,vedmed
w_d53e4894a0,ведмідь,easy,animals,core,vedmed
w_24afaeb8c8,ведучий,easy,professions,core,
w_13ecff20ba,вежа,easy,places,core,
w_89b9a6465e,Великдень,easy,holidays,core,
w_f0eea20f49,великодній кошик,medium,holidays,core,
w_40aeb5964b,велосипед,easy,transport,core,velo
w_bcf17b9a23,велоспорт,easy,sports,core,velo
w_21e46dd629,Венеція,easy,cities,core,
w_4f0569c3d7,вентилятор,easy,home,core,
w_0f50c97d4d,веранда,easy,home,core,
w_d99adae50b,верба,easy,nature,core,
w_1bb588d3c9,верблюд,easy,animals,core,
w_34786abc42,Вербна неділя,medium,holidays,core,
w_39abb6b894,вертоліт,easy,transport,core,
w_dbf52acce3,вершина,easy,nature,core,
w_a21e55ac3e,вершки,easy,food,core,
w_f1045c3ae7,веселість,easy,emotions,core,
w_cfe37e7b24,веселка,easy,nature,core,
w_de36db00b2,весілля,easy,holidays,core,
w_7ee30d8d01,весло,easy,sports,core,
w_d330997522,веслування,medium,sports,core,
w_1b2574531b,весна,easy,nature,core,
w_9d0df78609,вечеря,easy,food,core,vechir
w_237975198d,вечір,easy,events,core,vechir
w_3ac37f2db0,вечірка,easy,events,core,vechir
w_929022c5de,вечірнє шоу,easy,tv,core,vechir
w_d5a7d21a01,взаємність,easy,relationships,reject,
w_facb992109,вибачення,easy,behavior,core,
w_7291b8340d,вибори,easy,society,reject,
w_57f89de97a,вибух,easy,events,core,
w_1c681f7b17,вивих,easy,body,core,
w_ae294de0f3,виводок,easy,animals,core,
w_4060d1568d,вигул собаки,medium,actions,core,
w_d8b271e956,виделка,easy,home,core,
w_17fa95635f,видра,easy,animals,core,
w_af44c31320,виїзд,easy,travel,core,
w_47959a6e97,викидання сміття,medium,actions,core,
w_4f75d297fb,викрутка,easy,tools,core,
w_092eeae7dc,вила,easy,tools,core,
w_493e8eedc2,виліт,easy,travel,core,
w_3ce133d02f,вим'я,easy,animals,core,
w_df9ca708e0,вимкнення,easy,actions,core,
w_6f0631c311,вина,easy,emotions,reject,
w_ac88dfbc31,вино,easy,drinks,core,
w_b4c7a7c766,виноград,easy,food,core,
w_5152ed6fca,випікання,easy,actions,core,
w_55263325f3,випічка,easy,food,core,
w_046b88ff09,випускний,easy,events,core,vypusk
w_3613017503,випускник,easy,school,core,vypusk
w_2f1c21d22b,вирізання,easy,actions,core,
w_ce1329b1b3,вистава,easy,movies,core,vystava
w_bab669d4f7,вихідний,easy,events,core,
w_7d7b08f3a0,вишиванка,easy,clothing,core,vyshyvanka
w_eb3c973879,вишивання,easy,actions,core,vyshyvanka
w_b60167b4d7,вишневий сік,easy,drinks,core,
w_417430471e,вишня,easy,food,core,
w_dcb12441a6,вівсянка,easy,food,core,
w_6014f9fd83,вівторок,easy,events,core,
w_c507998cde,вівця,easy,animals,core,
w_aafbb86812,вівчарка,easy,animals,core,
w_6918fc61ba,від'їзд,easy,travel,core,
w_4bd8d34d7c,відвідувач,easy,people,core,
w_6cf4e04438,відгадування,easy,actions,core,
w_382fe49209,відданість,easy,relationships,reject,
w_129a7a8f38,відділ,easy,work,core,
w_8b523ae8ca,Відень,easy,cities,core,
w_ce22318116,відеогра,easy,games,core,
w_29e483b057,відеодзвінок,easy,internet,core,
w_a54498f8e4,відеокарта,easy,technology,core,
w_2648f3bc38,відеореєстратор,easy,technology,core,
w_2276f61aed,відерце,easy,games,core,
w_a25d5afe72,віджимання,medium,actions,core,
w_0f0bd303f0,відкривання,medium,actions,core,vidkryvanna
w_25bfc2f6af,відкривачка,easy,home,core,vidkryvanna
w_0ad57c367a,відкритий квиток,medium,travel,core,
w_6e7be425b0,відкриття,easy,events,core,
w_ef718d17c7,відлига,medium,nature,core,
w_13ba1129bb,відмінник,medium,people,core,vidminnyk
w_3f6d610638,відмова,easy,behavior,core,
w_bbfc73a7bb,відповідальність,easy,personality,reject,
w_a4a81db074,відповідь,easy,abstract,reject,
w_6178f9f290,відпустка,easy,travel,core,
w_d9a604ecf3,відраза,easy,emotions,reject,
w_78ace48cd9,відро,easy,home,core,
w_56c0a550ec,відрядження,easy,work,core,
w_662b52d5dc,відчай,easy,emotions,reject,
w_36346d1a62,відьма,easy,people,core,
w_68ef8e6c07,віза,easy,society,core,
w_606bd1751a,візажист,easy,professions,core,
w_a88594e980,візит,easy,travel,core,visytka
w_c2fddd474c,візитка,easy,work,core,visytka
w_754e862bed,вікінг,easy,history,core,
w_8aa8bd9fe2,вікно,easy,home,core,
w_83e18bb519,віко,easy,body,core,
w_644b603f41,вікторина,easy,tv,core,
w_d294f98d1b,вілла,easy,places,core,
w_5c20b54468,вінегрет,easy,food,core,
w_eca3330a18,віник,easy,home,core,vinok
w_2664130f33,вініл,easy,music,core,
w_1ce1e07c43,Вінниця,easy,cities,core,
w_070ba24f78,вінок,easy,clothing,core,vinok
w_fc08ec72fb,вірність,easy,relationships,reject,
w_b3811e5b17,віскі,easy,drinks,core,
w_b25071bc13,вітальня,easy,home,core,
w_5e671e0d1f,вітамін,easy,body,core,
w_272aaf9c2c,вітання,easy,actions,core,
w_3e0586f6db,вітер,easy,nature,core,
w_ef450218a2,вітрильний спорт,medium,sports,core,
w_e4fd9bef7b,вітровка,easy,clothing,core,
w_9572441361,вітчим,easy,family,core,
w_59f1fe2796,вішалка,easy,home,core,
w_42ab2198d6,вказівник,easy,travel,core,
w_c7d960deb1,вкладка,easy,internet,core,
w_f08fd3c512,влада,easy,society,reject,
w_d6970e2370,власник,easy,people,core,
w_b1e554a804,влог,easy,internet,core,
w_6e883100f7,вмивання,easy,actions,core,
w_f44f9d946f,вовк,easy,animals,core,
w_cb09af765b,вогонь,easy,nature,core,
w_5f376105a4,вода,easy,drinks,core,
w_38c31996b8,водень,medium,science,reject,
w_28c8686c90,водій,easy,professions,core,
w_078c6a2bcb,водіння,easy,actions,core,
w_7a858cdf03,водне поло,medium,sports,core,
w_770b72bf64,водний пістолет,medium,games,core,
w_6da57d6480,водолазка,medium,clothing,core,
w_188db31769,водорості,easy,nature,core,
w_e6b97b0e70,водоспад,easy,nature,core,
w_fbf7972262,Водохреще,medium,holidays,core,
w_f85b6542c8,воїн,easy,history,core,
w_a1e007f6a2,вокзал,easy,places,core,vokal
w_8b03d8371a,воланчик,easy,sports,core,
w_165988b38f,волейбол,easy,sports,core,
w_8ad8558999,волонтерський збір,medium,society,core,
w_ff28c926f7,волосся,easy,body,core,
w_2e24c3536a,вольєр,easy,animals,core,
w_c8ae937b09,ворог,easy,people,core,gate_crow
w_ef8f5f7ca4,ворожнеча,medium,relationships,reject,
w_12d563f9c3,ворон,easy,animals,core,gate_crow
w_b5b9bcd515,ворона,easy,animals,core,gate_crow
w_3c1d0bd78a,ворота,easy,home,core,gate_crow
w_1257a80260,воротар,easy,sports,core,gate_crow
w_1042dd921d,восьминіг,easy,animals,core,
w_cbd5a639bc,вояж,easy,travel,core,
w_5584e4b766,впевненість,easy,personality,reject,
w_2b770b56d4,впертість,easy,personality,reject,
w_d325127db8,вправа,easy,school,core,
w_aec69b2f59,всеїдний,easy,animals,core,
w_a7bb084fab,втеча,easy,actions,core,
w_efbebb3fc1,втіха,medium,emotions,reject,
w_f1d131601b,вугілля,easy,nature,core,
w_2c885714d1,вугор,easy,animals,core,
w_8857777117,вуж,easy,animals,core,
w_50d51b7da6,вулик,easy,animals,core,
w_5c06d4dcfe,вулиця,easy,places,core,
w_3c28066b60,вулкан,easy,nature,core,
w_b46c311125,вуса,easy,animals,core,
w_22b0ea402b,вухо,easy,body,core,
w_a0a43daef3,вушанка,medium,clothing,core,
w_23646439dc,вчитель,easy,professions,core,teacher_root
w_59e3bc325d,вчителька,easy,school,core,teacher_root
w_66cb617ad0,вчора,easy,events,core,
w_5f0f089687,гавкіт,easy,animals,core,
w_1598e30f76,гадюка,easy,animals,core,
w_f203dddc31,газ,easy,science,core,
w_588661da40,газель,easy,animals,core,
w_480a7e2055,газета,easy,work,core,
w_f11e8584b3,газована вода,easy,drinks,core,
w_db7555d135,гайка,easy,tools,core,
w_bda46c1c40,гальма,easy,transport,core,halma
w_bfcf3796bb,гальмування,easy,actions,core,halma
w_c5328fb985,гаманець,easy,home,core,
w_12c760cd3e,гамбургер,easy,food,core,
w_6eb9f36228,гандбол,medium,sports,core,
w_b0b69be42a,ганок,easy,home,core,
w_8d4ae42e70,гантель,easy,sports,core,
w_2d161754d2,ганчірка,easy,home,core,
w_755a933c3e,гараж,easy,home,core,
w_c4cc0c7c89,гарбуз,easy,food,core,
w_29a86f72a1,гардероб,easy,home,core,
w_8f77f8c118,гармошка,easy,music,core,
w_d2edcb9592,гарнір,easy,food,core,
w_021de15d0e,гарнітура,easy,technology,core,
w_4082e23c08,гарчання,medium,animals,core,
w_3819c3e892,гарячий шоколад,medium,drinks,core,
w_69fcee5ce2,гасіння,easy,actions,core,
w_558aad476e,гастролі,easy,movies,core,
w_ea36e3353f,гачок,easy,home,core,
w_3c043375de,геймпад,medium,technology,core,
w_dcbecdf1d5,гейт,easy,travel,core,
w_0f5a5b6014,гекон,easy,animals,core,
w_87b60603ea,гелій,easy,science,reject,
w_5701a47c62,геометрія,easy,school,core,geo
w_c33d5e1f47,гепард,easy,animals,core,
w_8a2cd78769,герб,easy,history,reject,
w_918c4687df,гетри,easy,clothing,core,
w_94ccb5de6e,гетьман,easy,history,reject,
w_fab9c9b0e8,гикавка,easy,actions,core,
w_6cca154f0e,гиря,easy,sports,core,
w_ca99e9c050,гід,easy,travel,core,
w_96afffae32,гідрокостюм,easy,clothing,core,
w_4a5ebaa58d,гієна,easy,animals,core,
w_5705357542,гілка,easy,nature,core,
w_b27179ed07,гімнаст,easy,professions,core,gimnast
w_8c2fb60c30,гімнастика,easy,sports,core,gimnast
w_3abaa51092,гіпс,easy,body,core,
w_02defd9d1b,гірка,easy,games,core,
w_8812f193b3,гірлянда,easy,holidays,core,
w_743732731f,гірчиця,easy,food,core,
w_8910451926,гість,easy,people,core,
w_a251fede16,гітара,easy,music,core,guitar
w_d342cb0056,гітарист,easy,professions,core,guitar
w_ce19f4dce5,гіфка,easy,internet,core,
w_3283e4fe40,гладіатор,easy,history,core,
w_883e1df3c3,глечик,easy,home,core,
w_b79122da57,глина,easy,nature,core,
w_c431af7fb6,глінтвейн,easy,drinks,core,
w_c0e607dc58,глобус,easy,school,core,
w_67ba28b25b,глухар,medium,animals,core,
w_213bc02ad8,гнів,easy,emotions,core,
w_75d08663f2,гніздо,easy,animals,core,
w_086b9c8f80,гном,easy,people,core,
w_ce90ef1701,година,easy,events,core,watch
w_73a6139b53,годинник,easy,home,core,watch
w_b8dcca090c,годівниця,medium,animals,core,
w_1d1197dc3b,годування,easy,actions,core,
w_86882d578c,гойдалка,easy,games,core,
w_0084731e25,гойдання,medium,actions,core,
w_ed0460591d,гол,easy,sports,core,
w_479e939d32,гоління,easy,actions,core,
w_338517a556,голка,easy,tools,core,
w_f67741b522,голова,easy,body,core,
w_d87f672b7f,голос,easy,music,core,
w_957ec62605,голуб,easy,animals,core,holub
w_35eb2c88f5,голубці,easy,food,core,holub
w_389fae23d4,гольф,easy,sports,core,
w_08fc448816,гончар,easy,professions,core,
w_fa2ee56ef6,гора,easy,nature,core,
w_39c681a130,горе,easy,emotions,reject,
w_6c0dfd4382,горила,easy,animals,core,
w_6370f3524e,горілка,easy,drinks,core,
w_ab18d48783,горіх,easy,food,core,horoh
w_a77e73edd4,горло,easy,body,core,
w_706dc73b46,горобець,easy,animals,core,
w_b5ca894035,город,easy,nature,core,horoh
w_c04805044a,горох,easy,food,core,horoh
w_acd16db40c,господар,easy,people,core,hospodar
w_9753cb23b1,господиня,easy,people,core,hospodar
w_56e7f7ac65,гостинність,easy,personality,core,hospodar
w_952e4dedaf,готель,easy,places,core,
w_8a81151755,готівка,easy,work,core,
w_16da925c7f,готування,easy,actions,core,
w_38bc7e6e7b,гра,easy,actions,core,
w_6ece33605b,граблі,easy,tools,core,
w_c399ef8fc3,град,easy,nature,core,
w_e5a9ce91b7,гранат,easy,food,core,grant
w_53f039528f,граніт,easy,nature,core,grant
w_e70698b5ab,графік відключень,medium,events,core,
w_443d387dee,гребінець,easy,home,core,
w_4709ea6f8f,гребля,easy,places,core,
w_c9c1e2bce7,грейпфрут,easy,food,core,
w_022e45da0e,гречка,easy,food,core,
w_b168dcd825,гриб,easy,nature,core,
w_aede46448b,грива,easy,animals,core,
w_077c46dcd0,гривня,easy,work,core,
w_8863a73bcd,грим,easy,movies,core,grim
w_87bf547232,гримаса,easy,actions,core,grim
w_9f0b2e1f7c,гример,easy,professions,core,grim
w_b721dcac43,грип,easy,body,core,
w_921c7a1d54,гриф,easy,animals,core,
w_a5ba1d6c9d,грім,easy,nature,core,grim
w_204b9bef0d,грінки,easy,food,core,
w_6c9eec0305,гроза,easy,nature,core,
w_efd4c55bbd,громада,easy,society,reject,
w_1d8ab15142,громадянин,easy,society,reject,
w_5d437c3dde,гроші,easy,society,core,
w_75c2c7d6e5,грубість,easy,behavior,reject,
w_f9de626f6b,група,easy,people,core,grupa
w_78742c4f77,груша,easy,food,core,grupa
w_cadc0b04cf,губа,easy,body,core,huba
w_61fbb903fb,губка,easy,home,core,huba
w_aac4740506,гугл,easy,brands,core,
w_e3b2276e71,гуляш,easy,food,core,
w_5764f4bfa6,гумка,easy,school,core,
w_524430951e,гумові чоботи,medium,clothing,core,
w_ec787aca9d,гуртожиток,easy,places,core,guru
w_509da3a996,гурток,easy,school,core,guru
w_f05a0e0ebe,гусак,easy,animals,core,huska
w_b237d3761e,гуска,easy,animals,core,huska
w_8899c3d671,ґедзь,easy,animals,core,
w_261a26bce8,ґрунт,easy,nature,core,
w_9387dcf4ae,ґудзик,easy,clothing,core,
w_c2c169cebd,дартс,easy,sports,core,
w_a1f8c2d09f,дарування,easy,actions,core,
w_3502335c93,дах,easy,home,core,
w_67d585a661,дача,easy,places,core,
w_954e1f7128,двері,easy,home,core,
w_0760de56a4,двигун,easy,transport,core,
w_0751ca68a6,двієчник,easy,people,core,two
w_19fd259cec,двійка,easy,school,core,two
w_a809a82a2c,двір,easy,places,core,
w_b5e153a351,двірник,easy,professions,core,two
w_b45df4942d,двоюрідна сестра,medium,family,core,cusin
w_a0fb3d0409,двоюрідний брат,medium,family,core,cusin
w_4b8aeb7c5b,девичник,easy,holidays,core,
w_c7dbf5c90c,деканат,easy,school,core,
w_3fef2c7adb,декларація,easy,travel,core,
w_ec387576dd,дельфін,easy,animals,core,
w_dbf7dc25ec,демонстрація,easy,events,core,
w_7b809abd1a,дендропарк,easy,places,core,
w_e2d65893aa,день,easy,events,core,day
w_76befce13d,День батька,medium,holidays,core,day
w_e987cbcdab,День вишиванки,medium,holidays,core,day
w_b0a626bdab,день відкритих дверей,medium,events,core,day
w_b47dee31f8,День матері,medium,holidays,core,day
w_8332b547d0,день народження,easy,holidays,core,day
w_907c25ffe1,День Незалежності,easy,holidays,core,day
w_d7494fdec8,депо,easy,places,core,
w_5b0e40a48f,дерево,easy,nature,core,
w_806ad0b41a,держава,easy,society,reject,
w_2c2b40b2b7,деруни,easy,food,core,
w_ccab2274da,десерт,easy,food,core,
w_eb4c20f968,детективний серіал,medium,tv,core,
w_12b1c0add2,Джавелін,easy,technology,core,
w_3e54b1e8e8,джаз,easy,music,core,
w_866720d3c7,дженга,easy,games,core,
w_1020d3fc84,джинси,easy,clothing,core,
w_939289602b,джинсовка,easy,clothing,core,
w_336ef511f9,джип,easy,transport,core,
w_658bdaf913,джміль,easy,animals,core,
w_a40eeb98c4,джогери,easy,clothing,core,
w_c8fb4c09d9,джойстик,easy,games,core,
w_6d9afac251,джокер,easy,games,core,
w_59a5243988,джунглі,easy,nature,core,
w_a84069f442,дзвіниця,easy,places,core,
w_e2876c2f03,дзвінок,easy,home,core,
w_51ef44d3e9,дзеркало,easy,home,core,
w_31a2d7e666,дзиґа,easy,games,core,
w_f35f95163d,дзьоб,easy,animals,core,
w_ff522b4f62,дзюдо,easy,sports,core,
w_1f374d1c68,диван,easy,home,core,dyvan
w_9128afa781,диджей,easy,professions,core,
w_ab6795867d,дизайнер,easy,professions,core,
w_956f966df7,диктант,easy,school,core,
w_c970a7033a,диктор,easy,tv,core,
w_dda048f1cb,дим,easy,nature,core,
w_45a55450d0,динамік,easy,technology,core,
w_afac7c981f,диня,easy,food,core,
w_13e81b725c,директор,easy,professions,core,dir
w_0ac9ab3032,директор школи,medium,school,core,dir
w_f4667ced21,диско,medium,music,core,
w_ff116f2017,дискотека,easy,places,core,
w_3c92752d56,диспетчер,easy,professions,core,
w_fd7577e57b,дисплей,easy,technology,core,
w_bad6fc0f82,дитина,easy,family,core,
w_983b5e5ff0,дитячий майданчик,medium,games,core,kid
w_ff3ae1edf7,дихання,easy,actions,core,
w_081811e055,дівчина,easy,people,core,
w_b66edf2331,Дід Мороз,easy,holidays,core,
w_0a3b438d60,дідусь,easy,family,core,
w_72505b43f9,дісней,easy,brands,core,
w_3b12afeb16,Дніпро,easy,cities,core,
w_7eae848d96,доброта,easy,personality,core,
w_889af8fc33,довідка,easy,society,reject,
w_3d2d611d32,договір,easy,work,core,
w_23080aef29,догонялки,easy,actions,core,
w_d2f9b33448,додаток,easy,internet,core,
w_d96fc848ae,дозвіл,easy,society,reject,
w_1174c4d705,доїння,easy,actions,core,
w_b9f48dbd41,докір,easy,behavior,reject,
w_996349d2fe,документ,easy,work,core,
w_8fedbbd820,документалка,easy,tv,core,
w_8ae47389ec,долоня,easy,body,core,
w_35a302bd74,домашка,easy,school,core,
w_cdcaf364f1,домен,easy,internet,core,
w_cf052911d3,доміно,easy,games,core,
w_3a7005c014,донька,easy,family,core,
w_e291cba19a,допомога,easy,relationships,core,
w_b2a5198ed5,дорога,easy,places,core,
w_a2c536326a,дорожній знак,medium,transport,core,
w_93a9f58bf6,дорожня подушка,medium,travel,core,
w_4bf5180723,дорожня сумка,medium,travel,core,
w_4297d0474f,дорослий,easy,people,core,
w_3308885925,доручення,easy,work,core,
w_94755173e5,досада,easy,emotions,reject,
w_1c32af3c28,дослід,easy,science,reject,
w_cba90e5a2d,дотепність,easy,personality,core,
w_3e7bd42c6d,дочка,easy,family,core,
w_8577e116fd,дошка,easy,school,core,
w_264f422694,дощ,easy,nature,core,
w_9a2c3f34ad,дощовик,easy,clothing,core,
w_a34a5a89a0,доярка,easy,professions,core,
w_72b68b6164,дресирування,easy,actions,core,
w_b7b744faff,дриблінг,easy,sports,core,
w_4c5b5d9105,дриль,easy,tools,core,
w_d8894a0de7,дріжджі,easy,food,core,
w_dd5373041f,дрімота,easy,actions,core,
w_28c9da422f,дрозд,easy,animals,core,
w_6d15d36f74,друг,easy,people,core,
w_999de2910d,дружба,easy,relationships,core,
w_31a0951736,дружина,easy,family,core,
w_80dbee7bcc,друкарня,easy,places,core,
w_2f11b9b110,друшляк,easy,home,core,
w_847f979197,дуб,easy,nature,core,
w_013e810cb6,Дубай,easy,cities,core,
w_e486009427,дубляж,easy,movies,core,
w_88f29e4d9d,дудка,easy,music,core,
w_4ccc9061a8,дует,easy,music,core,
w_2d2a077993,думка,easy,abstract,core,
w_67bb1e98c2,дупло,easy,animals,core,
w_83f1b30522,дурень,easy,people,core,
w_c1871fb873,душ,easy,home,core,shower
w_fc3e0e446f,душова кабіна,easy,home,core,shower
w_cbfe476329,дьюті-фрі,easy,travel,core,
w_7a648460af,дюна,easy,nature,core,
w_94b3f82e73,дюшес,easy,drinks,core,
w_47d169d018,дядько,easy,family,core,
w_be0a29d1f6,дятел,easy,animals,core,
w_59d997c129,евакуатор,easy,transport,core,
w_626a012728,еклер,easy,food,core,
w_c2d3198a13,економ-клас,easy,travel,core,
w_18ea8fb25e,екран,easy,movies,core,
w_77fcdc8aad,екскаватор,easy,transport,core,
w_b24bee01e6,екскурсовод,easy,professions,core,
w_d41e2b3b9d,електрик,easy,professions,core,elektryk
w_8f50e5a300,електричка,easy,transport,core,elektryk
w_8ccacebcfe,електрогітара,easy,music,core,
w_ae443b9ba1,електромобіль,easy,transport,core,
w_a38b1a3a06,електронна книга,medium,technology,core,
w_6f9f25d3f5,електронний квиток,medium,travel,core,
w_0b4a7e8495,електростанція,easy,places,core,
w_348ec7eb78,ельф,easy,people,core,
w_3dc6cc3aaf,емодзі,easy,internet,core,
w_64deb1f49e,енергетик,easy,drinks,core,
w_ec850f25a7,енергійність,easy,personality,core,
w_821ab387c3,ентузіазм,easy,emotions,reject,
w_815ced89aa,епізод,easy,movies,core,
w_3d8eb10f84,епіцентр,easy,brands,core,
w_6e5e88b1ca,ерудит,easy,games,core,
w_79c131d1b3,ескалатор,easy,places,core,
w_8bba8e0c7f,еспандер,easy,sports,core,
w_648926bd60,еспресо,easy,drinks,core,
w_1debd9fd8a,етажерка,easy,home,core,
w_e7937ab156,етикет,easy,behavior,core,
w_6713d8c528,ефір,easy,tv,core,
w_0f281a7f7d,єнот,easy,animals,core,
w_0388b3c6b6,Єрусалим,easy,cities,core,
w_4590a28be0,жаба,easy,animals,core,
w_6f50720431,жабра,easy,animals,core,
w_2ff6e6ecb3,жадібність,easy,personality,reject,
w_92ceb18ba2,жайворонок,easy,animals,core,
w_5d6f64e022,жакет,medium,clothing,core,
w_3788a5d31f,жалість,easy,emotions,reject,
w_276d0e1b10,жало,easy,animals,core,
w_7ffbd2443a,жаль,easy,emotions,reject,
w_a5cdd5a191,жалюзі,easy,home,core,
w_a264fe9b93,жар,easy,body,core,
w_6f76ec830a,жарт,easy,behavior,core,
w_e49a1ba63e,жасмин,easy,nature,core,
w_1c196848a9,жах,easy,emotions,core,
w_27a813ef81,жебрак,easy,people,core,
w_206891fc88,желе,easy,food,core,
w_ccf2a25326,жених,easy,people,core,
w_a5cb5f7144,живіт,easy,body,core,
w_5a4649c455,жилет,easy,clothing,core,jilet
w_f756f2bf75,жилетка,easy,clothing,core,jilet
w_f44dda003d,жирафа,easy,animals,core,
w_fc0dd1fd60,житель,easy,people,core,
w_eb66251645,житло,easy,society,core,
w_a3ef7561da,життя,easy,abstract,reject,
w_8db6fe1601,жінка,easy,people,core,
w_6d1e70330b,жовта картка,medium,sports,core,
w_ae5577a732,жолудь,easy,nature,core,
w_db576ac4a5,жорсткий диск,medium,technology,core,
w_a5cb9172e9,жування,easy,actions,core,
w_e33df822b5,жувачка,easy,food,core,
w_c7dc2e447b,жук,easy,animals,core,
w_36b922aa14,журавель,easy,animals,core,
w_60fa569f91,журавлина,easy,food,core,
w_6ec86b2557,журба,easy,emotions,reject,
w_90d6817dbe,журнал,easy,work,core,jurnal
w_e4f50dd72a,заборона,easy,society,core,
w_9e85e8e1a4,зав'язування шнурків,medium,actions,core,
w_7b9c03e36a,завантаження,easy,technology,core,
w_680822e95b,завдання,easy,school,core,
w_0ef8579d09,завіса,easy,movies,core,
w_f1db7944b0,завод,easy,places,core,
w_6103388cfc,завтра,easy,events,core,
w_4cbdf762b1,завуч,easy,school,core,
w_6ae17948e4,загадування,easy,actions,core,
w_8880546e9d,задача,easy,school,core,
w_19ccdaf3a2,задачник,medium,school,core,
w_48e78fe8bb,задоволення,easy,emotions,core,
w_d53aacc667,задування свічки,medium,actions,core,
w_1a37ac2f8f,заєць,easy,animals,core,
w_2c1b73283d,закладка,easy,internet,core,
w_06139d17ae,заколка,easy,clothing,core,
w_eb7e4edb00,закоханий,easy,people,core,love
w_664460eefa,закохані,easy,relationships,reject,
w_0bab9612fb,закоханість,easy,emotions,core,love
w_6570c163a6,закриття,easy,events,core,closed
w_d14fda270a,закручування,medium,actions,core,
w_676cd70cb5,закуска,easy,food,core,
w_d5cae91280,залежність,easy,behavior,core,
w_03739493ea,залицяння,easy,relationships,core,
w_fee83d1230,залік,easy,school,core,
w_0accdde59b,заметіль,easy,nature,core,
w_2a7b7a4d2d,замикання,easy,actions,core,
w_cf34f1508e,заміна,easy,sports,core,
w_cb327137a6,замовлення,easy,work,core,
w_8efd185c3e,замок,easy,home,core,
w_cb9386bae0,заморожування,medium,actions,core,
w_edb8bdfc55,зап'ястя,easy,body,core,
w_d62a36be6b,запалювання,easy,actions,core,
w_8200826910,запізнення,easy,actions,core,
w_ff9f09617a,запіканка,easy,food,core,
w_8624de3ac7,заплітання,easy,actions,core,
w_e04a75f407,заповідник,easy,places,core,
w_184066945a,Запоріжжя,easy,cities,core,
w_f855ada4de,заправка,easy,places,core,
w_d96ad7cd40,запрошення,easy,holidays,core,
w_77e2706b19,зарплата,easy,society,core,
w_ace395421b,заручини,easy,holidays,core,
w_90165193c0,заручник,easy,people,core,
w_5000a0fe5f,зарядка,easy,technology,core,
w_b2514bfca7,заселення,easy,travel,core,
w_5420aaedc8,засинання,easy,actions,core,
w_e1e29b0319,заставка,easy,tv,core,zastava
w_3d61eeb4e6,застеляння ліжка,medium,actions,core,
w_5cc37db69a,застібання,easy,actions,core,
w_ac65c7e5c6,застібка,easy,clothing,core,
w_0625ac70f1,затока,easy,places,core,
w_accad1d5ff,затори,easy,events,core,
w_11f783a997,затримка,easy,events,core,
w_0e295c7362,захват,easy,emotions,core,
w_c74a2ee27f,захисник,easy,sports,core,
w_dae5c68232,захід,easy,travel,core,
w_0f5842ef29,заява,easy,society,core,
w_c9e33c9237,збентеження,easy,emotions,reject,
w_12ae7fa469,збивання,easy,actions,core,
w_f1c0eb175a,збирання грибів,easy,actions,core,zbyraty
w_f345a948db,збирання ягід,medium,actions,core,zbyraty
w_cb4ccdfc78,зближення,easy,relationships,core,
w_e540fe5216,збори,easy,events,core,
w_71c93ee66a,зварювальник,medium,professions,core,
w_0e0d5c5d49,звинувачення,easy,relationships,reject,
w_7a9ef6b2b2,зворушення,easy,emotions,reject,
w_2300cb399a,звук,easy,science,core,
w_d1916206bc,згода,easy,relationships,reject,
w_b81d5da833,зграя,easy,animals,core,
w_bb0e23f01a,здивування,easy,emotions,core,
w_99fd81328c,здобич,easy,animals,core,
w_c308efb9d9,зебра,easy,animals,core,
w_5ee604bca9,зелений чай,medium,drinks,core,
w_2b03d9c294,зелень,easy,food,core,
w_9de41d6f60,земляк,easy,people,core,zemla
w_7577d6842f,зефір,easy,food,core,
w_8361c0dfdb,зима,easy,nature,core,
w_fe11c55bb3,зимородок,easy,animals,core,
w_7853e5bed6,зірка,easy,nature,core,
w_e59b349815,зіткнення,easy,events,core,
w_1b8f7d1a5e,зйомка,easy,movies,core,
w_25bd1d944b,злива,easy,nature,core,
w_c134469990,злість,easy,emotions,core,
w_734dda6c1a,зліт,easy,actions,core,
w_738706167c,злодій,easy,people,core,
w_5093bdb11d,злочинець,easy,people,core,
w_60154e40e2,зміна,easy,work,core,zmina
w_17d14f55ee,змішувач,easy,home,core,
w_82bfa1f767,змія,easy,animals,core,
w_699036d4fa,знайомий,easy,people,core,
w_25fb245660,знання,easy,abstract,core,
w_f301f59998,зневіра,easy,emotions,reject,
w_16104d3913,знижка,easy,work,core,
w_835286934c,зозуля,easy,animals,core,
w_58279f265f,золота рибка,easy,animals,core,swamp_gold
w_df6ecd16bb,зомбі,easy,people,core,
w_308a642414,зоопарк,easy,places,core,
w_cd1c466e4d,зошит,easy,school,core,zoshyt
w_fc78697fb3,зошит у клітинку,medium,school,core,zoshyt
w_1685f80092,зошит у лінійку,medium,school,core,zoshyt
w_934cb6d7d1,зрада,easy,relationships,reject,
w_1ff05b77d9,зуб,easy,body,core,zub
w_3a3d2d0484,зубило,easy,tools,core,zub
w_da5c74321c,зубна паста,medium,home,core,zub
w_610c0ac6ce,зубна щітка,medium,home,core,zub
w_a2cd0c6fdd,зубр,easy,animals,core,zub
w_b6dab1ea2e,зупинка,easy,places,core,
w_3ea5343a66,зустріч,easy,events,core,
w_5407f6ff58,зяблик,easy,animals,core,
w_e09c8f7787,зять,easy,family,core,
w_275dd9a6ed,Івана Купала,easy,holidays,core,ivan
w_071e4af3fb,ігнорування,easy,behavior,core,
w_9a580cfad5,іграшка,easy,games,core,igrovyi
w_26ed9d9027,іграшкова кухня,medium,games,core,igrovyi
w_bd896aeab9,іграшковий поїзд,medium,games,core,igrovyi
w_26c99b687c,ігрове поле,medium,games,core,igrovyi
w_ec8f6b4c55,ігрове шоу,medium,tv,core,igrovyi
w_41b0b0cf07,ігровий автомат,medium,games,core,igrovyi
w_a8472b232e,ігуана,medium,animals,core,
w_cb1149f285,ідея,easy,abstract,core,
w_bc2f935e86,ізолента,easy,tools,core,izolenta
w_85ce9c9e30,ікеа,easy,brands,core,
w_beac63271f,ікло,easy,animals,core,
w_48907c5e6a,ікона,easy,history,core,icona
w_bf5010f515,іконка,medium,technology,core,icona
w_745a37be89,ікра,easy,food,core,
w_2f38018957,імбир,easy,food,core,
w_40e08ca7b8,імейл,easy,internet,core,
w_486203c5b3,іменини,easy,holidays,core,hb
w_81c262d648,іменинник,easy,people,core,hb
w_2f3e0c0839,імператор,easy,history,core,
w_a74c3bae54,індик,easy,animals,core,
w_c27c28178c,інжир,easy,food,core,
w_a798622395,іній,easy,nature,core,
w_d50bfd3b00,іноземець,easy,people,core,
w_752e511e99,інстаграм,easy,brands,core,
w_e4fd7f457d,інститут,easy,places,core,
w_a22252e68a,інструктор,easy,professions,core,
w_d53bad221d,інтерес,easy,emotions,reject,
w_61e17f3ca4,інтернат,easy,places,core,internet
w_7274423b6b,інтерфейс,easy,technology,core,
w_a08ec6101d,інформатика,easy,school,core,
w_1e5accfc0d,інцидент,easy,events,core,
w_35500db6ef,іриска,easy,food,core,
w_e86d15e109,іспит,easy,school,core,
w_981e471c8c,історик,easy,professions,core,
w_37167cf5a9,їдальня,easy,places,core,
w_39c1c04f1a,їжак,easy,animals,core,
w_d7370abf85,їзда верхи,easy,actions,core,
w_d95f68f17f,йо-йо,easy,games,core,
w_472853cdec,йога,easy,actions,core,
w_ccb69910e4,йогурт,easy,food,core,
w_7b9b9f01ce,йод,easy,body,core,
w_702f2bd2a9,кабан,easy,animals,core,
w_ccfa996d20,кабачок,easy,food,core,
w_f38217823d,кабель,easy,technology,core,
w_8fab1060a2,кабінет,easy,school,core,
w_dcd57254c2,каблук,easy,clothing,core,
w_fedd6e504e,кава,easy,drinks,core,
w_7b59ad850d,кавоварка,easy,home,core,
w_8ae2938e4d,кавун,easy,food,core,
w_01cfb0882b,кадр,easy,movies,core,
w_518cba1c45,кажан,easy,animals,core,
w_0768a8b5af,казарма,easy,places,core,
w_c8d36d2af2,Каїр,easy,cities,core,
w_ab1dbcd0d8,какаду,easy,animals,core,
w_a744d447c4,какао,easy,drinks,core,
w_3cf38071f1,кактус,easy,nature,core,
w_ff8e6e5e16,календар,easy,home,core,
w_95b19b1242,калина,easy,nature,core,
w_65c6d3e549,калоші,easy,clothing,core,
w_d470c2c289,калькулятор,easy,school,core,
w_388f09dd97,кальмар,easy,animals,core,
w_fb6daaf85c,калюжа,easy,nature,core,
w_089646521f,камбала,easy,animals,core,
w_66c23072de,камера,easy,technology,core,
w_11dc301eee,камін,easy,home,core,kamin
w_9702c205a4,камінь,easy,nature,core,kamin
w_799f0d38ec,кампус,easy,places,core,
w_c820139458,канал,easy,internet,core,
w_3d5f9db0cf,канарка,easy,animals,core,
w_6773ee47f0,канікули,easy,travel,core,
w_a67e08754f,кантрі,easy,music,core,
w_338314fef3,капелюх,easy,clothing,core,
w_3071996688,капібара,easy,animals,core,
w_646f4ee924,каплиця,easy,places,core,
w_e50f81398f,капот,easy,transport,core,
w_7e170532a5,капуста,easy,food,core,
w_d115bcb6f3,капучино,easy,drinks,core,
w_7d0844f110,капці,easy,clothing,core,
w_a7732dc07e,капюшон,easy,clothing,core,
w_1e624c8f1e,каракатиця,easy,animals,core,
w_ef6ddce991,караоке,easy,actions,core,karaoke
w_a5058b16b8,караоке-шоу,medium,tv,core,karaoke
w_4c3e88e106,карась,easy,animals,core,
w_5be791aeab,карате,easy,sports,core,
w_eebc84c0d0,карбонара,easy,food,core,
w_b28ddc058f,кардиган,easy,clothing,core,
w_501601a46d,каркаде,easy,drinks,core,
w_2674810c62,каркання,easy,animals,core,
w_e8063076bb,карнавальна маска,medium,holidays,core,
w_4164bc53b9,карта,easy,travel,core,card
w_4edd1ee8d3,карти,easy,games,core,card
w_4e4cc5c967,картина,easy,school,core,card
w_b090953346,картка,easy,work,core,card
w_f1e4868fdc,карткова гра,easy,games,core,card
w_bd5ac26b01,картопля,easy,food,core,
w_30754e26d6,карусель,easy,games,core,
w_3d3138ff91,каса,easy,work,core,
w_1bf63e01f2,касета,easy,music,core,
w_6a98dd869e,касир,easy,professions,core,
w_197a360cdb,каскадер,easy,movies,core,
w_c004e080a1,кастинг,easy,movies,core,
w_64978cd045,каструля,easy,home,core,
w_774500ff20,катання на велосипеді,medium,actions,core,
w_87d12cda04,катер,easy,transport,core,
w_12303f007d,каток,easy,places,core,
w_676ad17cc5,кафе,easy,places,core,
w_5bb5aa74c2,качалка,easy,home,core,
w_6892effd15,каченя,easy,animals,core,duck
w_af5c9448a1,качка,easy,animals,core,duck
w_b93fe364f3,каша,easy,food,core,kaschel
w_6022526bfb,кашалот,medium,animals,core,kaschel
w_d96ed95a0d,кашель,easy,actions,core,kaschel
w_6962a0f03f,каштан,easy,nature,core,
w_d87e930089,каяк,easy,sports,core,
w_fe59ac27d8,каяття,medium,emotions,reject,
w_863a184995,квадроцикл,easy,transport,core,
w_19096e6a36,квартира,easy,home,core,
w_2475474000,квас,easy,drinks,core,
w_02469af478,квасоля,easy,food,core,
w_214003d5b8,кватирка,medium,home,core,
w_9b267111ca,квач,easy,actions,core,
w_28f3c81e66,квашення,easy,actions,core,
w_e4614ede81,квест,easy,games,core,
w_3e031c0472,квитанція,easy,travel,core,
w_5501caa3b3,квиток,easy,travel,core,
w_b2bf04a0f1,квітка,easy,nature,core,
w_eb526f4c7f,кеди,easy,clothing,core,
w_7c8c26116c,кекс,easy,food,core,
w_2dbaaff0b1,келих,easy,home,core,
w_b0b613a662,кемпінг,easy,places,core,
w_b97e15a9df,кенгуру,easy,animals,core,
w_958180d202,кепка,easy,clothing,core,
w_53f29e45e7,кермо,easy,transport,core,
w_00c72fa72c,кетчуп,easy,food,core,
w_4cc5d94c29,кефір,easy,drinks,core,
w_b21f99dc59,кеш'ю,easy,food,core,
w_0d02c5ba3a,кивок,easy,actions,core,
w_82c66a80a8,кидання кубика,medium,actions,core,kydaty
w_00dd86e4d8,кидання сніжок,medium,actions,core,kydaty
w_9e96c3a955,кидок,easy,actions,core,kydaty
w_feccb0be53,Київ,easy,cities,core,
w_7597abb952,київстар,easy,brands,core,
w_251195bafd,килим,easy,home,core,kylym
w_c3ccacd095,килимок,easy,home,core,kylym
w_06d37ca52f,кисень,easy,science,core,
w_f57c2e5445,кисіль,easy,food,core,
w_1f062049d8,кислота,easy,science,core,kyslota
w_1c93340a50,кисляк,easy,drinks,core,kyslota
w_aff2ba0deb,кит,easy,animals,core,
w_5bf0cbeec5,кишеня,easy,clothing,core,
w_36398a8f46,Кишинів,easy,cities,core,
w_6491e33f8c,киянка,easy,tools,core,
w_58e5953c8c,ківі,easy,food,core,
w_fe491bb811,кіготь,easy,animals,core,
w_5a4c0dd106,кікбоксинг,easy,sports,core,
w_1691a604b4,кільце,easy,sports,core,
w_b007f9ae2a,кімната страху,medium,games,core,kimnata
w_c86dced13e,кімоно,easy,clothing,core,
w_a7277294fa,кіндер,easy,brands,core,
w_5d2a80b24b,кінець,easy,abstract,core,
w_f6e6233193,кінза,easy,food,core,
w_12eb871b57,кінний спорт,medium,sports,core,
w_ef8b4c28dc,кіно,easy,movies,core,kino
w_bfab4148a7,кінозал,easy,movies,core,kino
w_e8cc8bf460,кіносеанс,easy,movies,core,kino
w_52e1e2da4a,кінотеатр,easy,places,core,kino
w_eefc6ae14e,кінь,easy,animals,core,
w_6a53c69ab4,кіоск,easy,places,core,
w_abe42e7ca1,кістка,easy,body,core,
w_69ec673d52,кіт,easy,animals,core,
w_2e239254d0,кіткат,easy,brands,core,
w_0c0032d448,клавіатура,easy,technology,core,klava
w_17a001269a,клавіша,easy,music,core,klava
w_7203b35be4,клас,easy,school,core,
w_b4191af9b5,клацання,easy,actions,core,
w_e5edeb2dd2,клей,easy,tools,core,
w_d3bf214eeb,клен,easy,nature,core,
w_5b2546bf56,клієнт,easy,people,core,
w_3e6d84f214,кліп,easy,movies,core,
w_e2e9a629ee,клітина,easy,science,reject,
w_dd51fd5a1d,клітка,easy,animals,core,
w_63a652d7b8,кліщ,easy,animals,core,
w_2d0cbe00d1,клоун,easy,professions,core,
w_87a9670679,клуб,easy,places,core,
w_b36af61a5d,ключ,easy,home,core,
w_d5325e7226,клятва,easy,relationships,core,
w_2b8417e9a3,книга,easy,school,core,book
w_db218eb9f1,книгарня,easy,places,core,book
w_58800d6b0f,князь,easy,history,reject,
w_a80c07d7c5,коала,easy,animals,core,
w_e0c095087f,кобза,medium,music,core,kobza
w_93379ac74a,кобра,easy,animals,core,kobza
w_39a8cc76b5,коваль,easy,professions,core,
w_c89299f481,ковбаса,easy,food,core,
w_e8f820d39d,ковбой,easy,professions,core,
w_25eb4852f4,ковдра,easy,home,core,
w_0ec872418d,ковзани,easy,sports,core,kovzanna
w_154d0d28a2,ковзання,medium,actions,core,kovzanna
w_1d3d7e6029,ковтання,easy,actions,core,kovzanna
w_a1a59d86d1,код доступу,medium,technology,core,kod
w_97e6b6c1db,кодовий замок,medium,travel,core,
w_d0fc642270,кожух,easy,clothing,core,
w_6c1f535fa4,коза,easy,animals,core,
w_96de8c370c,козак,easy,history,core,kozyrok
w_9ebba5a9de,козел,easy,animals,core,kozyrok
w_c92bfe30da,козинаки,easy,food,core,kozyrok
w_e3b24f739e,койот,easy,animals,core,
w_e07f2893f4,кока-кола,easy,brands,core,cola
w_8ea6dad7b4,кокон,easy,animals,core,kokon
w_068a1ade53,кокос,easy,food,core,kokon
w_70f2e4447a,коктейль,easy,drinks,core,
w_537255c6e8,кола,easy,drinks,core,cola
w_69acf6add0,колба,easy,science,core,
w_91447b7e15,колготки,easy,clothing,core,
w_ddf63d4ae3,колега,easy,people,core,
w_a4369a357a,коледж,easy,places,core,
w_1a9e221849,колектив,easy,work,core,
w_a67a0e5b36,колесо,easy,transport,core,koleso
w_0b8ee13be4,колесо огляду,medium,games,core,koleso
w_fccda96d88,колискова,easy,music,core,koleso
w_1500f62190,колібрі,easy,animals,core,
w_dfc1fcd5d6,коліно,easy,body,core,
w_315ef2733b,колонка,easy,technology,core,
w_0bf353a460,колорадський жук,easy,animals,core,
w_1abb83bdfd,колосок,easy,nature,core,
w_6636ffdf55,кольчуга,easy,history,core,
w_e3a682bee9,колючка,easy,nature,core,
w_ab920dfa70,колядники,easy,holidays,core,
w_b5cd54dad8,коляска,easy,transport,core,
w_ec67f96980,команда,easy,sports,core,
w_fac3d034af,комар,easy,animals,core,komar
w_c9b2aa55d7,комбайн,easy,transport,core,kombayn
w_5d4744b76c,комбайнер,easy,professions,core,kombayn
w_d164bfd9d9,комбінезон,easy,clothing,core,
w_2e06994c89,комедійне шоу,medium,tv,core,comedy
w_bf792d3643,комендантська година,medium,society,core,
w_00dc71ba15,коментар,easy,internet,core,
w_9ec08819d3,комір,easy,clothing,core,komar
w_679f6cdf21,комод,easy,home,core,komod
w_2c516524a5,комора,easy,home,core,komod
w_b7c42dc409,компас,easy,travel,core,
w_967c4c8419,композитор,easy,professions,core,
w_30810fa4e6,компот,easy,drinks,core,
w_d0574872e8,компрес,easy,body,core,
w_26db4da4f2,конверт,easy,work,core,konvert
w_4b5bed1d1f,кондитерська,easy,places,core,kondyter
w_ee9c14e05d,кондуктор,easy,professions,core,
w_d8e718ff2b,коник,easy,animals,core,
w_47429b4725,консерви,easy,food,core,
w_29d62f45e8,конспект,easy,school,core,
w_3aa201ce7d,конструктор,easy,games,core,
w_31e1003596,континент,easy,places,core,
w_58f839fd5a,контракт,easy,work,core,
w_78394f246c,контрольна,easy,school,core,
w_709011e637,конфеті,easy,holidays,core,
w_14295a481a,конфлікт,easy,relationships,reject,
w_de18ea6d4f,концерт,easy,events,core,konvert
w_da7a5290eb,коньяк,easy,drinks,core,
w_617fd04773,конюшина,easy,nature,core,
w_ac96377886,координати,easy,travel,core,
w_a4de739677,копання,easy,actions,core,
w_db9830aa7c,копито,easy,animals,core,
w_94422c7851,копійка,easy,work,core,
w_04871d6ca4,копія,easy,work,core,
w_88d1c67528,кора,easy,nature,core,
w_a8a64fe10a,корабель,easy,transport,core,korabel
w_d2431ed36f,кораблик,easy,games,core,korabel
w_ab82f9645e,корал,easy,nature,core,korabel
w_3a597c37bb,кордон,easy,places,core,
w_59a75be2d3,коридор,easy,home,core,
w_12269f1e7f,кориця,easy,food,core,
w_191da48b05,корінь,easy,nature,core,
w_7c39604f0e,коробка,easy,home,core,
w_42b795db79,корова,easy,animals,core,korova
w_40bf8d5c85,коровай,easy,food,core,korova
w_f4ec9d6728,королева,easy,professions,core,korol
w_779497a70f,король,easy,professions,core,korol
w_a301c41a20,корона,easy,history,core,korova
w_781df5c2ad,короп,easy,animals,core,korol
w_951081dc17,корпоратив,easy,events,core,corp
w_a0cac41bca,корсет,easy,clothing,core,
w_d9c4844f5a,корт,easy,places,core,
w_e56d75efb9,косатка,easy,animals,core,
w_e689584de0,косметичка,easy,clothing,core,cosmetics
w_03af2eaad8,косметолог,easy,professions,core,cosmetics
w_1d5839a998,космічна станція,medium,technology,core,astronaut_root
w_fe224430ab,космічний корабель,medium,technology,core,astronaut_root
w_050bdc1084,космос,easy,science,core,astronaut_root
w_4102d9934c,костюм,easy,movies,core,
w_b933e2921a,косуля,easy,animals,core,
w_282788248f,котлета,easy,food,core,
w_d41b4b2a4e,кохання,easy,emotions,core,
w_458b9d8475,кошеня,easy,animals,core,koshyk
w_0198446542,кошик,easy,home,core,koshyk
w_951092a663,кошик для білизни,medium,home,core,koshyk
w_0b77badfcf,кошмар,easy,body,core,
w_f2a6563d16,краб,easy,animals,core,
w_2bfeed9c56,краватка,easy,clothing,core,
w_bd1986d7d4,кравець,medium,professions,core,
w_fb187c891a,країна,easy,places,core,
w_a698710b7b,Краків,easy,cities,core,
w_bd109d1c4a,крамниця,easy,places,core,
w_e158de5c1e,кран,easy,home,core,
w_c324a95142,краплі,easy,body,core,
w_cc67539a23,красень,easy,people,core,
w_c0d3609d36,красуня,easy,people,core,
w_4480208436,крашанка,easy,holidays,core,
w_5860d59b75,креветка,easy,animals,core,
w_8148dbfca3,кредит,easy,society,core,kredyt
w_4287f25b5e,кредитка,easy,work,core,kredyt
w_3e6b1b98ef,крейда,easy,school,core,
w_9ff7164431,крейсер москва,easy,history,reject,
w_460bfb73b1,крекер,easy,food,core,
w_1722721f1e,крик,easy,actions,core,kryk
w_fd4e258b47,крила,easy,animals,core,
w_70b66d41a7,Кримський міст,easy,places,core,
w_c46774cdb3,криниця,easy,places,core,
w_d374656876,кристал,easy,nature,core,
w_7572706026,критерій,easy,abstract,reject,
w_e156eb98e5,критика,easy,relationships,reject,
w_e510decef1,кришка,easy,home,core,
w_880c80df4e,кріп,easy,food,core,
w_b17588d1e1,крісло,easy,home,core,
w_3b90dbaddb,кров,easy,body,core,
w_5f0bb9b015,кровотеча,easy,body,core,
w_d2eb303364,крок,easy,actions,core,
w_d45f927201,кролик,easy,animals,core,
w_85d1cd38d3,крона,hard,nature,core,
w_efabb0f9ed,кропива,easy,nature,core,
w_86edb69650,кросворд,easy,games,core,
w_cd5e92987d,кросівки,easy,clothing,core,
w_79e3cf4901,крохмаль,medium,food,core,
w_e28bba1ff3,круасан,easy,food,core,
w_7d084c795b,круїз,easy,travel,core,
w_a5403db153,ксерокс,easy,technology,core,
w_5e1b12bebf,кубик,easy,games,core,kubyk
w_25a77d2fe8,кубики,easy,games,core,kubyk
w_e5e8c39ce9,кубок,easy,sports,core,kubyk
w_0ccc6467e6,кукурудза,easy,food,core,corn
w_b8ff36a91d,кукурудзяні палички,medium,food,core,corn
w_05ca645984,кулінарне шоу,medium,tv,core,
w_91b4c30957,куліси,easy,movies,core,
w_7cbe1f6ea5,кулон,easy,clothing,core,
w_d60393bab6,кульбаба,medium,nature,core,
w_5deaebafb7,кум,easy,family,core,kumys
w_5f49088d1b,кума,easy,family,core,kumys
w_1a5cc4815e,кумир,easy,people,core,kumys
w_d703a70e97,кумис,medium,drinks,core,kumys
w_094ffd836f,куниця,medium,animals,core,
w_0eb490309e,купальник,easy,clothing,core,
w_95630fba2f,купальський вінок,hard,holidays,core,
w_2ef2604001,куплет,easy,music,core,
w_af523b6b17,купон,easy,work,core,
w_f197860f03,кур'єр,easy,professions,core,
w_73bb518dca,курага,easy,food,core,
w_72cc0cb973,куріння,easy,behavior,core,
w_878fa58d69,курка,easy,animals,core,hen_jacket
w_e40214396f,курорт,easy,places,core,
w_b8c04f0546,курсор,medium,technology,core,
w_cdda8f8e9d,куртка,easy,clothing,core,hen_jacket
w_22700d954f,курча,easy,animals,core,
w_17fe78ee9a,кутя,easy,food,core,
w_876b35fdcd,кухар,easy,professions,core,kuhnya
w_aed56e68a6,кухня,easy,home,core,kuhnya
w_9d7f985ff7,кущ,easy,nature,core,
w_86b2207054,лабіринт,easy,travel,core,
w_73e7605ba9,лава,easy,nature,core,
w_eac1ca9cba,лаванда,easy,nature,core,
w_1d3243d26d,лаваш,easy,food,core,
w_6b2422f91d,лазанья,medium,food,core,
w_7e7591a881,лазня,easy,places,core,
w_00e35f817b,лайк,easy,internet,core,
w_620a033536,лама,easy,animals,core,lampa
w_ee80dfd7ab,лампа,easy,home,core,lampa
w_bbbe88b4b3,лампочка,easy,home,core,lampa
w_7002dcd074,лапа,easy,animals,core,lampa
w_631c49ad84,ластівка,easy,animals,core,
w_79ef30591c,лате,easy,drinks,core,
w_9eb5125fc6,лебідь,easy,animals,core,
w_b0f63ddd42,лев,easy,animals,core,
w_c88acc10ba,легені,easy,body,core,
w_dd12a25993,легінси,easy,clothing,core,
w_4964fa57c7,легка атлетика,medium,sports,core,
w_b11f86b09c,лего,easy,brands,core,
w_15f9c04e0b,лейс,easy,brands,core,
w_a24f505366,лелека,easy,animals,core,
w_53a0403aee,лемур,medium,animals,core,
w_e50ce7bdc5,леопард,easy,animals,core,
w_6170795054,лижі,easy,sports,core,
w_da814b82b8,лимон,easy,food,core,lemon_drink
w_3d8fc5fe07,лимонад,easy,drinks,core,lemon_drink
w_9c015491c2,липа,easy,nature,core,
w_96aba28bcb,липучка,easy,clothing,core,
w_edb0013130,лисиця,easy,animals,core,
w_4992c8f895,лист,easy,work,core,lyst
w_9efe124215,листівка,easy,holidays,core,lyst
w_1114414fad,листок,easy,nature,core,lyst
w_e0fe02aaa7,листоноша,easy,professions,core,lyst
w_1491436365,лиходій,easy,people,core,
w_95c4c5542a,лицар,easy,history,core,
w_2ea40443ec,личинка,easy,animals,core,
w_a70fc930e1,ліга,easy,sports,core,
w_ed7a44bf00,лід,easy,nature,core,
w_31f1f48db2,ліжко,easy,home,core,
w_ee8fb41d3a,лікар,easy,professions,core,likar_root
w_54cd09fae3,лікарня,easy,places,core,likar_root
w_b452a1aabf,ліки,easy,body,core,likar_root
w_d798bcb3f4,лікоть,easy,body,core,
w_2c2dfc815c,лілія,easy,nature,core,
w_bc5abf9b75,лімузин,easy,transport,core,
w_27b2f5e157,лінза,easy,science,core,
w_5291d3e625,лінивець,easy,animals,core,
w_a30de500ef,лінійка,easy,tools,core,
w_b3d299c4fc,лінь,easy,personality,core,
w_3588c88e7d,ліплення,medium,actions,core,
w_c3bc977a83,ліс,easy,nature,core,
w_304c061c86,Лісабон,medium,cities,core,
w_e70e814267,лісник,easy,professions,core,
w_e1467400be,літак,easy,transport,core,litak
w_985ba96287,літачок,easy,games,core,litak
w_f5beb3970f,літо,easy,nature,core,
w_3812284edd,ліфт,easy,home,core,
w_73d8fc696f,ліхтарик,easy,tools,core,
w_17ee901c98,лоб,easy,body,core,
w_4568f35ef2,логіка,easy,abstract,reject,
w_037c14d7e4,ложка,easy,home,core,
w_98a7a4cfca,локомотив,easy,transport,core,
w_de23620326,локшина,easy,food,core,
w_17f37c0fab,ломбард,easy,places,core,
w_2a226f91c0,Лондон,easy,cities,core,
w_aba5f41c94,лопата,easy,tools,core,
w_1eb2093e57,Лос-Анджелес,medium,cities,core,
w_736ff54c58,лосось,easy,animals,core,
w_6907c18f01,лось,easy,animals,core,
w_a90bc5bb8a,лотерея,easy,events,core,loto
w_d1aabd60ab,лото,easy,games,core,loto
w_fb80e01ddd,лоукост,easy,travel,core,
w_b39f6006c5,лохина,medium,food,core,
w_d55912bfaa,луг,easy,nature,core,
w_dab6f8f0d7,луна-парк,medium,places,core,
w_3fe4f313a0,лунохід,easy,technology,core,
w_8fb3cba527,луска,easy,animals,core,
w_1b34c4c0e3,Львів,easy,cities,core,lviv
w_74ed1dd84f,львівське,easy,brands,core,lviv
w_1a905b7f56,льодовик,easy,nature,core,lid
w_f516d5ac70,льодяник,easy,food,core,lid
w_18b0b80d1a,любов,easy,emotions,core,love
w_51ee88e4fd,людина,easy,people,core,
w_b37587c69f,люстра,easy,home,core,
w_9f1b295828,лють,easy,emotions,core,
w_537915f19b,лялька,easy,games,core,
w_01ca9b5582,м'яз,easy,body,core,
w_2b08779e8e,м'ясник,easy,professions,core,meat
w_ceea7d5245,м'ясо,easy,food,core,meat
w_7109f54896,м'ята,easy,food,core,meat
w_1ae3fa246e,м'яч,easy,sports,core,meat
w_da49ba8e17,мавпа,easy,animals,core,
w_dea5c61b97,магазин,easy,places,core,
w_ee5c6e078a,магніт,easy,home,core,
w_c5bf71d165,магнітне поле,medium,science,reject,
w_f38599ac26,Мадрид,easy,cities,core,
w_c539437d1d,мазь,easy,body,core,
w_6046616a3b,майка,easy,clothing,core,
w_d19528f17d,майонез,easy,food,core,
w_cc88dbd47d,мак,easy,food,core,
w_bddee528b6,макарони,easy,food,core,
w_5757890436,макдональдс,easy,brands,core,
w_97e0ac4a0c,макіяж,easy,actions,core,
w_1e6b349f02,малина,easy,food,core,machine_fruit
w_5a387a1dc0,малювання,easy,actions,core,
w_b786367977,малюк,easy,people,core,
w_ca35792540,маляр,easy,professions,core,
w_2241a273ca,мама,easy,family,core,
w_167bb52c69,манго,easy,food,core,
w_b620e25304,мандарин,easy,food,core,
w_c32c0f07bb,мандрівка,easy,travel,core,mandrivka
w_a85462dba2,манка,easy,food,core,
w_9b661297db,марафон,easy,sports,core,
w_e8aa26230b,маргарин,easy,food,core,
w_e448efb287,Маріуполь,easy,cities,core,
w_48767b23b7,марка,easy,work,core,
w_80998e0a3e,маркер,easy,tools,core,
w_817162e38f,мармелад,easy,food,core,
w_e9c0059f71,марсохід,easy,technology,core,
w_e463340acc,марш,easy,events,core,
w_385ea637d4,масаж,easy,actions,core,masaj
w_266625bd08,масажист,easy,professions,core,masaj
w_410bb0389d,маска,easy,clothing,core,
w_eabfe5f6e0,масло,easy,food,core,
w_1781ed9c79,масовка,easy,movies,core,
w_bf6ee333a0,мати,easy,family,core,matka
w_08b083559e,матрац,easy,home,core,
w_43b7d16aaf,матч,easy,sports,core,
w_688cdd94fc,матча,easy,drinks,core,
w_2fdbd1cbd3,мафія,easy,games,core,
w_4c843c3478,машина,easy,transport,core,machine_fruit
w_09495f211d,машиніст,easy,professions,core,machine_fruit
w_a4a8e208cd,машинка,easy,games,core,machine_fruit
w_0c55e88ae1,мед,easy,food,core,
w_c668baba34,медаль,easy,sports,core,
w_ca529294d6,медичний серіал,medium,tv,core,
w_a4a307e284,медіатор,easy,music,core,
w_0dcc4ff976,медовий місяць,medium,holidays,core,
w_9d6636e239,медовуха,easy,drinks,core,
w_e4ff6b669c,медпункт,easy,school,core,
w_5e5bd25fb4,медсестра,easy,professions,core,
w_d1aa98ce64,медуза,easy,animals,core,
w_4d6434bacd,мелодія,easy,music,core,
w_ce22834518,мелодрама,medium,tv,core,
w_346a98ef2c,мем,easy,internet,core,
w_481bc7db90,менеджер,easy,professions,core,
w_bb463e4082,мер,easy,professions,core,mer
w_14ef356cac,мерія,easy,places,core,mer
w_e4f89ceea4,месенджер,easy,internet,core,
w_e5c42cc374,мета,easy,abstract,reject,
w_3fe79901b2,метал,easy,science,core,
w_b2280ba638,метелик,easy,animals,core,
w_e55fb0bc19,метро,easy,places,core,
w_5e5010283e,механік,easy,professions,core,
w_b71f30164d,меч,easy,history,core,
w_11e69a336f,мешканець,easy,people,core,
w_4835f583bc,мигдаль,easy,food,core,
w_fd68759bad,Миколаїв,easy,cities,core,nika
w_c849ce90d2,Миколаївка,easy,cities,core,nika
w_085e6be03d,мило,easy,home,core,
w_88eed5cb38,мир,easy,abstract,reject,
w_49f0937210,миска,easy,home,core,
w_ee8d07d77a,мисливець,easy,professions,core,
w_49b482c8fe,митниця,easy,places,core,
w_ba94c56cea,миття,easy,actions,core,
w_143593b3e6,миття посуду,easy,actions,core,
w_b6e519d7d3,миша,easy,animals,core,mouse_root
w_0098b3460e,мишка,easy,technology,core,mouse_root
w_b1cc9b5c71,мишка комп'ютерна,medium,technology,core,mouse_root
w_41c2e14fc9,мівіна,easy,brands,core,
w_bdc3fbdf0e,мізинець,easy,body,core,
w_e5c3a80ef9,мікроавтобус,easy,transport,core,
w_44bc7fd358,мікрофон,easy,technology,core,
w_0382c418b7,міксер,easy,home,core,
w_24de91c46e,Мілан,easy,cities,core,
w_aef26c66b5,мілкшейк,easy,drinks,core,
w_ac2984a895,мільйонер,easy,people,core,
w_01a7bfbcdf,мінералка,easy,drinks,core,
w_1c8826b540,Мінськ,easy,cities,core,
w_e1c166e7a1,міст,easy,places,core,
w_756cc7166e,місто,easy,places,core,misce
w_7c9203bd44,місце біля вікна,medium,travel,core,misce
w_00d061b4c0,місяць,easy,nature,core,
w_4e793af0c8,мітинг,easy,events,core,
w_83bb37f0c8,мішень,easy,sports,core,
w_0d0b097d97,мішок з подарунками,medium,holidays,core,
w_c39350b7ed,мішура,easy,holidays,core,
w_f999b3a987,млин,easy,places,core,
w_d52587117b,мовчання,easy,behavior,core,
w_fcfc609da3,мода,easy,behavior,reject,
w_49d23cf60e,модель,easy,professions,core,moda
w_94bb260a6a,модем,easy,technology,core,moda
w_53da12d097,мозаїка,easy,games,core,
w_66faff8df8,мозок,easy,body,core,
w_9b381f38ab,молодь,easy,people,core,
w_f6197cb62c,молодята,easy,people,core,
w_c2d396c759,молоко,easy,drinks,core,
w_25cbf4ecef,молоток,easy,tools,core,
w_ac8fabf98a,монастир,easy,places,core,
w_ae8294dc78,монета,easy,work,core,
w_449739b0e5,монітор,easy,technology,core,
w_4907a03fae,монобанк,easy,brands,core,mono_jar
w_72b580a586,монобанка,easy,brands,core,mono_jar
w_e33105f769,монтаж,easy,movies,core,
w_da46c2b92c,мопед,easy,transport,core,shahed_root
w_693fe5f528,моргання,easy,actions,core,
w_639a86086d,морда,easy,animals,core,
w_f129dff8bc,море,easy,nature,core,
w_d1ee76e453,морж,easy,animals,core,
w_f36d250351,морква,easy,food,core,
w_d8dc3b5c50,мороз,easy,nature,core,moroz
w_76b648437d,морозиво,easy,food,core,moroz
w_d0ca53b0b0,морс,easy,drinks,core,moroz
w_4614a9e0ae,морська зірка,easy,animals,core,more
w_8b41057dd7,морська свинка,easy,animals,core,more
w_d3c63f6d8b,морський їжак,medium,animals,core,more
w_b3511fc793,морський коник,easy,animals,core,more
w_87c91d8482,моряк,easy,professions,core,more
w_5932352e67,мотоцикл,easy,transport,core,
w_3a471566c3,мрія,easy,abstract,reject,
w_5e45b488b7,музика,easy,music,core,music_root
w_c5b46f2643,музикант,easy,professions,core,music_root
w_b4201a3034,музична скринька,medium,games,core,music_root
w_c9fb5ef594,музичне шоу,medium,tv,core,music_root
w_053f3f6cef,мультфільм,easy,movies,core,
w_306583a7ce,мумія,easy,history,core,
w_2c41da849a,мураха,easy,animals,core,muraha
w_96e138c045,мурашник,easy,animals,core,muraha
w_7b9d7ab0fd,муха,easy,animals,core,
w_881c014bcc,мушля,easy,nature,core,
w_96a45f7278,мюзикл,easy,movies,core,
w_b388bdf34d,Мюнхен,medium,cities,core,
w_151da19421,набережна,easy,places,core,
w_95a304cca7,навігатор,easy,travel,core,navigator
w_07e54f9a6d,наволочка,easy,home,core,
w_e747583bfe,навушники,easy,technology,core,
w_9e9d4fe43f,нагетси,easy,food,core,
w_591422f218,надія,easy,emotions,reject,
w_706069f375,назва,easy,abstract,reject,
w_3ccea04ed0,наказ,easy,work,core,
w_d932d33e11,наколінники,easy,sports,core,
w_2bc797baab,налаштування,easy,internet,core,
w_0628e12bef,наливання,medium,actions,core,
w_ab2fb41b41,намет,easy,travel,core,
w_902766fc7f,намисто,easy,clothing,core,
w_7dba633e08,намордник,easy,animals,core,
w_8c20c83673,нападник,easy,sports,core,napadnyk
w_1ac30b8718,напруга,easy,emotions,core,
w_b1eed71fcc,напрямок,easy,travel,core,
w_bdb3d64150,нарада,easy,events,core,
w_cc3a13596b,нарди,easy,games,core,
w_6498d24b74,наречена,easy,family,core,wife
w_b0f180282f,наречений,easy,family,core,wife
w_dd7c6dc768,народ,easy,people,core,
w_30c8945562,нарцис,medium,nature,core,
w_423b9fa05d,насіння,easy,nature,core,
w_2087b6152e,насмішка,hard,behavior,reject,
w_ef8b3cd9d9,насолода,easy,emotions,reject,
w_deb31c1092,настільна гра,easy,games,core,
w_f59cea26bd,натискання,medium,actions,core,
w_7ea4528209,наука,easy,science,reject,
w_725d7482ed,нахабність,medium,personality,reject,
w_490206f44b,начальник,easy,people,core,
w_8ced20cf3e,нашийник,easy,animals,core,
w_44d0913377,небезпека,easy,abstract,reject,
w_8b91d3e12c,небо,easy,nature,core,
w_da74aabcc5,невдаха,easy,people,core,
w_b717c0e78c,невістка,easy,family,core,
w_d164864616,неділя,easy,events,core,
w_1fc259d94c,нежить,easy,body,core,
w_91c2b1c60d,нектар,medium,drinks,core,
w_71858541db,немовля,easy,people,core,
w_92d473398d,ненависть,easy,emotions,reject,
w_79773cb2e3,нерви,easy,emotions,reject,
w_65bc5bd653,нирка,easy,body,core,nytka
w_537114df88,нитка,easy,tools,core,nytka
w_3cbe4b7b7c,ніготь,easy,body,core,
w_cd1c15d6ea,ніж,easy,home,core,
w_834be7ade4,ніжність,easy,emotions,reject,
w_8576067a02,ніздря,easy,body,core,
w_fa4d3e9a89,нікнейм,easy,internet,core,
w_e91dcf986c,ніс,easy,body,core,
w_2d9eba6e4c,ніч,easy,events,core,
w_bc6ba93faf,нічия,easy,sports,core,
w_03c03b1fe1,нічник,easy,home,core,
w_85d6e96b04,ніяковість,medium,emotions,reject,
w_62ccc00e9c,нова пошта,easy,brands,core,
w_046b151d20,новачок,easy,people,core,
w_9dca5493ed,Новий рік,easy,holidays,core,
w_3a04967d1f,новина,easy,abstract,reject,
w_cd0f3ecc8d,новини,easy,tv,core,
w_81a78143b9,новорічна іграшка,medium,holidays,core,ny
w_3a7c8b16d5,нога,easy,body,core,
w_309cd05a92,ножиці,easy,tools,core,
w_f2c61f04f7,номерний знак,easy,transport,core,
w_f6f0380f47,нора,easy,animals,core,
w_0425372e31,носоріг,easy,animals,core,
w_3e5d9f9257,нота,easy,music,core,notes
w_8d11b9edaa,ноти,easy,music,core,notes
w_edd0f1b251,ноутбук,easy,technology,core,
w_59be73a117,нудьга,easy,emotions,reject,
w_51fc97452e,нутелла,easy,brands,core,
w_a1af92be0f,Нью-Йорк,easy,cities,core,
w_d5a05907a2,нюхання,medium,actions,core,
w_5b94579ccc,няня,easy,professions,core,
w_ff57f0786e,обгін,easy,actions,core,
w_664296c652,обігрівач,easy,home,core,
w_d9c890510a,обід,easy,food,core,
w_1c1c625c17,обійми,easy,relationships,core,
w_ab81e6d4a4,область,easy,places,core,
w_ed9ded47ab,обліпиха,easy,food,core,
w_6d2c45f0d6,обман,easy,behavior,reject,
w_7d96e31ec6,обмін подарунками,medium,holidays,core,
w_c755cca967,обов'язок,easy,society,reject,
w_066ace26b0,оболонь,easy,brands,core,
w_8e15ef722f,обручка,easy,clothing,core,
w_67d54734b1,овочі,easy,food,core,
w_fe36065216,огида,easy,emotions,core,
w_c81f60c733,огірок,easy,food,core,
w_5ca700b8d0,оголошення,easy,work,core,
w_c8d4993389,Одеса,easy,cities,core,
w_cd106e31b7,одногрупник,easy,people,core,
w_12c7e4a557,однокласник,easy,school,core,
w_1bda6d3c0d,озеро,easy,nature,core,
w_aacd9f0ea5,океан,easy,nature,core,
w_9c44f51670,око,easy,body,core,
w_1c26df03bf,окрошка,easy,food,core,
w_fb3c72d66b,окуляри,easy,clothing,core,
w_1a447d3a8d,окунь,easy,animals,core,
w_345b9a3c30,олень,easy,animals,core,
w_5115bf8362,оливки,easy,food,core,
w_d585c3269b,олів'є,easy,food,core,
w_dca130f367,олівець,easy,school,core,
w_3f52c6c9ae,олія,easy,food,core,
w_a10a94fc46,олх,easy,brands,core,
w_81501ac90b,омлет,easy,food,core,
w_f56d3f64f3,онлайн,easy,internet,core,
w_fe3b4dea64,оновлення,easy,internet,core,
w_39ec405f59,онук,easy,family,core,onuk
w_82a93166ed,онука,easy,family,core,onuk
w_7532647b9a,опера,easy,movies,core,
w_c85538180a,опік,easy,body,core,
w_37d9745e6c,оплата,easy,actions,core,
w_13b2040d83,ополоник,easy,home,core,
w_d30dedcfb7,оптимізм,easy,personality,reject,
w_e002a14c50,орган,easy,music,core,
w_56cb07069d,орел,easy,animals,core,
w_843a8e65dd,оренда,easy,work,core,
w_ce0aecbebc,орієнтир,easy,travel,core,
w_ff473449a8,оса,easy,animals,core,
w_e26a60dc23,осел,easy,animals,core,
w_f5972d77b5,оселедець,easy,animals,core,
w_12cd27df44,осетер,easy,animals,core,
w_d5c9b2612d,осінь,easy,nature,core,
w_627805ab56,останній дзвоник,easy,events,core,last
w_85be16435b,острів,easy,nature,core,snake_island
w_1dd4210e20,острів Зміїний,medium,places,core,snake_island
w_54e8cfc43c,отара,easy,animals,core,
w_07777e115d,офіс,easy,places,core,
w_28450ba13c,офіціант,easy,professions,core,
w_a07960d340,офлайн,easy,technology,core,
w_81d4a8c35d,охоронець,easy,professions,core,
w_7262287fce,оцет,easy,food,core,
w_417272a7bd,оцінка,easy,school,core,
w_4c024205d1,очерет,medium,nature,core,
w_a0aa31641f,очікування,easy,actions,core,
w_2c11973dd8,п'явка,easy,animals,core,
w_d2dbdc512b,п'ята,easy,body,core,
w_35ea3aba87,п'ятірка,easy,school,core,
w_38dde7b1ed,п'ятниця,easy,events,core,friday
w_553f39a50e,павербанк,easy,technology,core,
w_96a0226d54,павук,easy,animals,core,
w_7fb4140d0c,пагорб,easy,nature,core,
w_300964e063,падіння,easy,actions,core,
w_0639bf9682,пазл,easy,games,core,
w_c4cd0b504e,пакування,easy,actions,core,
w_7ba87306ec,палац,easy,places,core,
w_7b1e427a03,палець,easy,body,core,
w_98e2da6f21,паличник,easy,animals,core,
w_c7caebd6e2,пальма,easy,nature,core,
w_7e48093c0d,пальто,easy,clothing,core,
w_3f955927d8,паляниця,easy,food,core,palyanytsya_root
w_a732e7fffd,пампушка,easy,food,core,
w_8111580799,пан,easy,people,core,
w_1c0437785f,панама,easy,clothing,core,
w_e12c13bea2,панда,easy,animals,core,
w_ee85f6bee5,паніка,easy,emotions,core,
w_65002cf386,панк,easy,music,core,
w_870aa6ac97,пантера,easy,animals,core,
w_9f9037804b,панцир,easy,animals,core,
w_92cb6d34bd,папір,easy,school,core,
w_15f6b96366,папка,easy,technology,core,
w_6af0afb227,паприка,easy,food,core,
w_6f660507c6,папуга,easy,animals,core,
w_c7a15e22d7,пара,easy,relationships,core,
w_c237f96ed4,парасолька,easy,clothing,core,
w_6d20087af7,парашут,easy,transport,core,
w_721497fbb1,Париж,easy,cities,core,
w_e1a2cc7654,парк,easy,places,core,
w_ed4830ed0f,паркан,easy,home,core,parka
w_5b5ded8924,парковка,easy,places,core,parkuvanna
w_a889eef2a6,паркування,easy,actions,core,parkuvanna
w_2154d69b2f,паркур,easy,sports,core,parkuvanna
w_bfaeabe82b,пароварка,easy,home,core,
w_2d9d81fbf8,паросток,easy,nature,core,
w_1a096335c2,парта,easy,school,core,parka
w_fc97db9cad,пасажир,easy,people,core,
w_0dc33e65a2,пасіка,easy,places,core,pasika
w_59a36a5a8d,паска,easy,food,core,pasika
w_931be58f3d,паспорт,easy,travel,core,passport
w_809dea42da,паспортний контроль,medium,travel,core,passport
w_dce4dd01e3,пастух,easy,professions,core,
w_9627af1c25,пауза,easy,abstract,core,
w_300eeb73ee,пацієнт,easy,people,core,
w_459be99baa,пацюк,easy,animals,core,
w_958c0c5af9,паштет,easy,food,core,
w_d5a805aad5,паща,medium,animals,core,
w_907fd85dcd,педіатр,easy,professions,core,
w_1c027785d7,пекар,easy,professions,core,
w_964dbe5e14,пекарня,easy,places,core,
w_f71a6c2335,Пекін,easy,cities,core,
w_3437b97f95,пелікан,easy,animals,core,
w_3f1a352bee,пельмені,easy,food,core,
w_e7f25cde80,пенал,easy,school,core,
w_088f7f9c88,пенсіонер,easy,people,core,
w_8f927be64c,пенсія,easy,society,reject,
w_86162e95b7,пень,easy,nature,core,
w_cec6627fd0,пепсі,easy,brands,core,
w_3701d71431,перев'язка,easy,actions,core,
w_7f570f597b,перевал,easy,nature,core,
w_43f1a85008,передавач,easy,technology,core,
w_9fec7ed6ae,передмістя,medium,places,core,
w_5505ba32e1,передпокій,medium,home,core,
w_0de82724c6,перезавантаження,easy,technology,core,
w_6beb5fc076,переїзд,easy,places,core,
w_f15cee864a,переказ,easy,school,core,
w_4da0669f11,перекладач,easy,professions,core,
w_651ca880c2,перекус,easy,actions,core,
w_b43cade022,перелом,easy,body,core,
w_14adb088ed,переляк,easy,emotions,reject,
w_cfe3a94a7b,переможець,easy,people,core,
w_1ca5ffe042,перерва,easy,school,core,
w_3e02e631eb,пересадка,easy,travel,core,
w_5bcb015d4e,перехожий,easy,people,core,
w_ffe2e080d4,перець,easy,food,core,
w_260ed2c506,перлина,easy,nature,core,
w_bff1123700,перон,medium,places,core,
w_d7a0731a0b,персик,easy,food,core,
w_656799158d,персонаж,easy,people,core,
w_9e7bad5534,перука,easy,movies,core,peruka
w_7a934a4788,перукар,easy,professions,core,peruka
w_16983a97af,перукарня,easy,places,core,peruka
w_55e52c5f51,перший клас,easy,travel,core,first
w_857835bb13,першокласник,easy,school,core,class
w_aaedb5d710,пес Патрон,easy,animals,core,
w_9f902ffec3,песимізм,easy,emotions,reject,
w_3d81a064bb,петарда,easy,holidays,core,
w_ba22e7c42b,петрушка,easy,food,core,
w_489640fd1d,печаль,easy,emotions,reject,
w_aecd5b44a6,печатка,easy,work,core,
w_750ebd928e,печера,easy,nature,core,
w_f9f648c2e8,печиво,easy,food,core,
w_5f167fd3e8,печінка,easy,body,core,
w_bd50768729,пиво,easy,drinks,core,
w_3f099487c9,пиріг,easy,food,core,
w_4f3636c09b,писанка,easy,history,core,
w_2936566928,письменник,easy,professions,core,
w_c8b467019c,питання,easy,abstract,reject,
w_4b4e60e7a4,піаніно,easy,music,core,piano
w_7b0de576b0,піаніст,easy,professions,core,piano
w_a8b000d9a2,південь,easy,travel,core,pivden
w_1249d1b6d8,півень,easy,animals,core,pivden
w_c18cdcb372,північ,easy,travel,core,pivnich
w_d0d822cd39,півонія,medium,nature,core,
w_0bab4275f0,півострів,easy,places,core,
w_cdbc6ce9b3,під'їзд,easy,places,core,
w_55c83a7e66,підбори,easy,clothing,core,
w_fe0ba3571e,підборіддя,easy,body,core,
w_7d1a0e38ed,підвіконня,easy,home,core,
w_2c2f4f7bec,підводний човен,medium,transport,core,
w_9b56b218cb,піджак,easy,clothing,core,
w_35c244092b,підйом,easy,actions,core,
w_50a53ae215,підказка,easy,abstract,reject,
w_11d63172e8,підліток,easy,people,core,
w_1f677d6f45,підлога,easy,home,core,
w_9a1a23d636,підмітання,medium,actions,core,
w_39b0f4b4ae,підморгування,hard,actions,core,
w_a9a1c750dc,піднесення,hard,emotions,reject,
w_9f98082b52,підніжжя,easy,nature,core,
w_7b614776ad,підошва,easy,clothing,core,
w_8b9449b8fc,підпис,easy,work,core,
w_c3f0881f59,підписник,medium,internet,core,
w_30321b0b64,підручник,easy,school,core,
w_8db096faab,підсвічник,easy,home,core,
w_809b50e179,підтримка,easy,relationships,reject,
w_83d540ab55,підтягування,easy,actions,core,
w_6208467466,підтяжки,easy,clothing,core,
w_c819f9732a,піжама,easy,clothing,core,
w_d07720c80a,пікнік,easy,actions,core,
w_b4ab5c1028,пілот,easy,professions,core,
w_18f5b6e938,пільга,easy,society,reject,
w_27cfaa0620,пін-код,easy,technology,core,
w_c64bcb059f,пінг-понг,easy,sports,core,
w_fbf2aacd6e,пінгвін,easy,animals,core,
w_abc7423263,пір'я,easy,animals,core,
w_fa68bc40a2,піраміда,easy,history,core,
w_b26e162669,піранья,easy,animals,core,
w_672e80b551,пірат,easy,professions,core,
w_c66be6314c,пірнання,easy,actions,core,
w_473b2d2a2c,пісня,easy,music,core,
w_ba7c590a6b,пісок,easy,nature,core,pisok
w_ac5ecb62cf,пісочниця,easy,games,core,pisok
w_6c24d56a7c,піт,easy,body,core,
w_ae51f4db74,пітон,easy,animals,core,
w_bafda9e6ff,піца,easy,food,core,
w_8567c349a2,піцерія,easy,places,core,
w_ca5a95db93,піч,easy,home,core,
w_814a9386de,пішохід,easy,people,core,pishohid
w_a9f9090200,пішохідний перехід,medium,transport,core,pishohid
w_642d0bcf06,плавання,easy,actions,core,plavky
w_a3f76f2784,плавки,easy,clothing,core,plavky
w_690f88259c,плавник,easy,animals,core,plavky
w_6011f6ba8e,план,easy,abstract,reject,
w_aa3dc7ae7f,планетарій,easy,places,core,planeta
w_67bf4043d7,планшет,easy,technology,core,
w_53ab73ee94,пластилін,easy,games,core,
w_2e08ea52d5,пластир,easy,body,core,
w_68761b0a1d,пластівці,easy,food,core,
w_b46bc69182,платівка,easy,music,core,
w_0e1199d9ad,платіж,easy,work,core,
w_fe2deef95e,плащ,easy,clothing,core,
w_39802e3471,плед,easy,home,core,
w_6636874492,плейлист,easy,technology,core,
w_e4c7454cab,племінник,easy,family,core,pleminnyk
w_1aa2c5bf9a,племінниця,easy,family,core,pleminnyk
w_f3696234bb,плескання,easy,actions,core,
w_30be02a5c0,плече,easy,body,core,
w_429f1070a6,плітки,easy,relationships,reject,
w_d1a19ef022,плов,easy,food,core,
w_126b0809c8,плоскогубці,medium,tools,core,
w_7a68ce5197,пляж,easy,places,core,
w_40a43c19ba,пляшка,easy,home,core,
w_32b614591f,побажання,easy,holidays,core,
w_c1ac0e47b9,побачення,easy,relationships,core,
w_ad52ea7ea1,пов'язка,easy,body,core,
w_e291a5c205,повербанк,easy,technology,core,
w_190b0342d5,повзання,easy,actions,core,
w_a1d3856bd9,повзунки,easy,clothing,core,
w_47ab2beef6,повінь,easy,nature,core,
w_999355860d,повітряна кулька,medium,games,core,viter
w_63a2ed9bdc,повітряна куля,medium,transport,core,viter
w_350d905a38,повітряна тривога,medium,events,core,viter
w_02a6e1fa65,повітряний змій,medium,games,core,viter
w_065110824b,погроза,easy,behavior,reject,
w_910f20ec15,подарунок,easy,holidays,core,paket
w_6cd9f92661,податок,easy,society,reject,
w_29e9c36595,подача,medium,sports,core,
w_7485e1b05a,подив,medium,emotions,reject,
w_03f34d941c,подіум,medium,sports,core,
w_e408bf03fd,подкаст,easy,technology,core,
w_35ec9cda46,подовжувач,easy,technology,core,
w_2b0409f229,подорож,easy,travel,core,
w_30d6e7a912,подруга,easy,people,core,
w_2bd75f4301,подружжя,easy,family,core,
w_8228ce8b72,подряпина,easy,body,core,
w_56223249da,подушка,easy,home,core,poduha
w_ec896aacbd,подушка безпеки,medium,transport,core,poduha
w_ab39a2dd1d,подяка,easy,behavior,core,
w_e7815a0325,поет,easy,professions,core,
w_48ce421c71,пожежа,easy,events,core,fire
w_aa1c0f15b5,пожежна машина,medium,transport,core,fire
w_a631bacf65,пожежник,easy,professions,core,fire
w_8ee11e7231,позашляховик,easy,transport,core,
w_280389cd93,позіхання,easy,actions,core,
w_5159c3ebe7,поїзд,easy,transport,core,poizd
w_1a79bf277c,поїздка,easy,travel,core,poizd
w_676fa769c5,покарання,easy,abstract,core,
w_07335d2ffe,поклон,easy,actions,core,
w_87ac38ea8b,покривало,easy,home,core,
w_242d36ff0f,покупець,easy,people,core,pokupets
w_8a7fdd03da,покупка,easy,actions,core,pokupets
w_0957de9384,поле,easy,nature,core,
w_8e90db456a,полегшення,easy,emotions,core,
w_73d88068b5,полиця,easy,home,core,
w_71d8757f26,полігон,easy,places,core,
w_23f7202bd2,поліцейська машина,medium,transport,core,police
w_c92f2bd8d4,поліцейський,easy,professions,core,police
w_04a837bd7e,поліція,easy,places,core,police
w_88c20f9469,поло,easy,clothing,core,
w_106f83fb6b,полонина,hard,nature,core,
w_70b34ec51a,полоскання,easy,actions,core,
w_704a0f735d,Полтава,easy,cities,core,
w_2ffbc7ebb7,полуниця,easy,food,core,
w_5d7bd00d31,помилка,easy,abstract,core,
w_ac9a205eed,помідор,easy,food,core,
w_f03af91581,помічник,easy,people,core,
w_7c1e4b0b90,понеділок,easy,events,core,
w_f793a2a3c6,поні,easy,animals,core,
w_893ccf609c,пончик,easy,food,core,
w_8f961cb225,пончо,medium,clothing,core,
w_2911a726e1,попіл,easy,nature,core,
w_a41210c927,попкорн,easy,food,core,
w_94b4545346,поразка,easy,abstract,core,
w_5ff3abef9b,поріг,easy,home,core,
w_60c0eeeb68,паром,medium,transport,core,
w_ec505f3789,порося,easy,animals,core,
w_71f34af6e5,порт,easy,places,core,
w_d82eb1e799,портфель,easy,clothing,core,
w_ae46c9a420,посада,easy,work,core,
w_9b346c6b8c,посилання,easy,internet,core,
w_fe1082de02,посольство,easy,places,core,
w_e55064d24e,поспіх,medium,actions,core,
w_96949ca529,пост,easy,internet,core,
w_1d90b22a8c,постановка,medium,movies,core,
w_c49fc82e97,постер,easy,movies,core,
w_3c94cbe48b,посуд,easy,home,core,
w_e29ce9cb93,посуха,easy,nature,core,
w_5c5c0b09e4,потилиця,easy,body,core,
w_68e4a9a817,похвала,easy,behavior,reject,
w_66562cae3d,похід,easy,actions,core,
w_f96f560130,поцілунок,easy,relationships,core,
w_924d4d1c2c,початок,easy,abstract,reject,
w_36b1f4f8d0,пошта,easy,places,core,
w_bce6792ada,пошук,easy,actions,core,
w_3a5d7ad5e4,ППО,easy,technology,core,ppo_root
w_a62530428b,права,medium,society,reject,
w_ce605dbb3c,правда,easy,abstract,reject,
w_5d1611f2fb,правило,easy,abstract,reject,
w_ff136e43a1,Прага,easy,cities,core,
w_408c526446,прадід,easy,family,core,
w_0beead88ed,пральна машина,medium,home,core,
w_a710389537,прання,easy,actions,core,
w_b6fdd81402,прапор,easy,society,core,
w_ebbc836fa7,прасування,easy,actions,core,praska
w_39efe4465a,працьовитість,medium,personality,core,
w_99140ad180,презентація,easy,events,core,
w_720df97428,прем'єра,easy,movies,core,
w_868aafa82e,премія,easy,work,core,
w_f3ad8e78ce,пресконференція,easy,events,core,
w_ade0e9377b,прибиральниця,easy,professions,core,prybyranna
w_fc802f07fb,прибирання,easy,actions,core,prybyranna
w_91e5e0aaee,прибуття,easy,travel,core,
w_cd9bfc96e4,приватбанк,easy,brands,core,
w_778bf44835,привид,easy,people,core,
w_08d1335f82,привітання,easy,behavior,reject,
w_522b3c6ca4,приз,easy,abstract,reject,
w_599ec929d2,приїзд,easy,travel,core,
w_e9255ee72a,приймач,easy,technology,core,
w_44b5dcec2f,прийом,medium,events,core,
w_69e4f31d48,приклад,easy,abstract,reject,
w_6ddecd96d1,прикрість,hard,emotions,reject,
w_2db5459dbf,примирення,easy,relationships,reject,
w_193e4b791c,принтер,easy,technology,core,
w_265259d9f9,принц,easy,professions,core,prince
w_245c82e66b,принцеса,easy,professions,core,prince
w_a629d47422,принцип,medium,abstract,reject,
w_67a21d90a6,природознавство,easy,school,core,
w_8d14bb7f25,присідання,easy,actions,core,
w_09323aa5ef,приспів,easy,music,core,
w_5cf13b67c8,приставка,easy,games,core,
w_54dadafa08,пристань,easy,places,core,
w_fd608102b1,пристрасть,easy,emotions,reject,
w_560b19b120,причина,easy,abstract,reject,
w_c981f7547c,причіп,easy,transport,core,
w_73139e14b6,прищіпка,easy,home,core,
w_519d438c37,приятель,easy,people,core,
w_4165d49293,пробачення,easy,relationships,reject,
w_eae10531be,пробіжка,easy,actions,core,
w_0f5555e516,пробудження,easy,actions,core,
w_5c5ccc4fe6,провайдер,easy,internet,core,
w_e2322f6ba2,провина,easy,emotions,reject,
w_c3b5756e70,провітрювання,easy,actions,core,
w_4ae6efbbe0,провулок,easy,places,core,
w_be5ac65277,прогноз погоди,easy,tv,core,
w_88d38290a7,програма,easy,technology,core,programka
w_7fd5a4b038,програміст,easy,professions,core,programka
w_d585b6c942,прогулянка,easy,actions,core,
w_998a625cfd,продавець,easy,professions,core,
w_47c539b755,продаж,easy,work,core,
w_4116a1269c,проектор,easy,technology,core,projector
w_6d9481aaf7,проєкт,easy,work,core,
w_80e75bc883,прожектор,easy,movies,core,projector
w_d5263ad817,пролісок,hard,nature,core,
w_b602c57d22,пропуск,easy,work,core,
w_c99c038695,проспект,easy,places,core,
w_0eb8df01fb,простирадло,medium,home,core,
w_76a86dca25,простуда,easy,body,core,
w_bac64f855f,протест,easy,events,core,
w_8e2a326737,протокол,easy,work,core,
w_7bf4de9db4,професор,easy,professions,core,prof
w_6597397a50,профіль,easy,internet,core,
w_5b1e33e400,прохання,easy,behavior,reject,
w_ca820bcd48,процесор,easy,technology,core,prof
w_994357c6d0,прощавання,medium,actions,core,proschenna
w_fcf81dfa0a,прощання,easy,relationships,core,proschenna
w_821ec1dca5,пряма трансляція,medium,tv,core,prama
w_0380414d3b,прямий ефір,medium,internet,core,prama
w_27f4b3e328,пряник,easy,food,core,
w_20667483c6,психолог,easy,professions,core,psy
w_3db0bbe60d,пташеня,easy,animals,core,
w_8b7770e4ff,публіка,easy,people,core,
w_74b42693b1,пульс,easy,body,core,pult
w_138578b282,пума,easy,animals,core,
w_367683aa58,пункт незламності,medium,places,core,
w_790e85817a,пустеля,easy,nature,core,
w_06b7c3c339,путівка,easy,travel,core,pytivka
w_4d3e75af3e,путівник,medium,travel,core,pytivka
w_c35fc854dd,пуф,easy,home,core,
w_961d6d2b8a,пух,easy,animals,core,
w_a3c82798f5,пуховик,easy,clothing,core,
w_1b85df9f7c,пшоно,easy,food,core,
w_7139102227,пюре,easy,food,core,
w_d67b07364a,равлик,easy,animals,core,
w_4699e08079,радіо,easy,technology,core,
w_f16ad12c4d,радість,easy,emotions,core,
w_5f30e66c6d,район,easy,places,core,
w_9d41210ad9,рак,easy,animals,core,raketa
w_70c41945ee,ракетка,easy,sports,core,raketa
w_53373cdd52,раковина,medium,animals,core,
w_41c3747111,рамен,easy,food,core,
w_703d32fdac,рамка,easy,home,core,ramka
w_aa89faeff4,рана,easy,body,core,
w_e376561ea4,ранкове шоу,medium,tv,core,
w_572a51bf62,ранок,easy,events,core,
w_a0e4249b2c,рахат-лукум,medium,food,core,
w_30af97533a,рахунок,easy,sports,core,
w_d371c03cc4,ребро,easy,body,core,
w_ce9e3f7fba,ревність,easy,emotions,reject,
w_7a9ba78cf7,регбі,easy,sports,core,
w_a546f7b69e,ред бул,easy,brands,core,
w_8f8919cf7a,редис,easy,food,core,
w_dd0fb564f9,реєстрація,easy,internet,core,
w_25b7e56181,результат,easy,abstract,reject,
w_ef652e440f,резюме,easy,work,core,
w_a5f8112d44,рейв,easy,events,core,
w_bbbd876daa,рейс,easy,travel,core,
w_616d9a1564,реквізит,easy,movies,core,
w_6e2f9c2113,реклама,easy,tv,core,reklama
w_132de9fcbe,рекорд,easy,sports,core,
w_fc7cc5f90e,ректор,medium,professions,core,
w_6df2ba6669,рельси,easy,transport,core,
w_5fd981f544,ремікс,easy,music,core,
w_6083afbfde,ремінь,easy,clothing,core,
w_4c3a14c0e6,ремонт,easy,actions,core,
w_3690c56c15,реп,easy,music,core,
w_2e3bb7ce5a,репетитор,easy,professions,core,
w_5052132330,репліка,easy,movies,core,
w_47cc2dd69e,репортаж,easy,tv,core,
w_bd5853fc16,репост,easy,internet,core,
w_69b078f5b7,реферат,easy,school,core,
w_f97adb5651,рецепт,easy,food,core,
w_45b85d262f,риба,easy,animals,core,fish
w_b9c0e6a86f,риба-клоун,easy,animals,core,fish
w_2f6b5ffda9,риба-меч,medium,animals,core,fish
w_7146224dc0,акула-молот,medium,animals,core,fish
w_19fa8b7047,риба-пила,medium,animals,core,fish
w_e6dc3cd68b,рибалка,easy,professions,core,fish
w_2bbbf48adb,риболовля,easy,actions,core,fish
w_32ac825c3e,Рим,easy,cities,core,
w_fe224e035a,ринг,easy,sports,core,
w_73d5b21e82,ринок,easy,places,core,
w_38d572f305,рис,easy,food,core,rys
w_5c90d9f2f7,рись,easy,animals,core,rys
w_ab8b4a07df,ритм,easy,music,core,
w_c9cdf1da35,рівень,easy,tools,core,riven
w_54a846ef38,рівнина,easy,nature,core,riven
w_dffa1b7b90,рівняння,easy,science,reject,
w_c4a4a47bd9,ріг,easy,animals,core,
w_a037bc73d1,рідина,easy,science,core,
w_6e0fa965cf,Різдво,easy,holidays,core,
w_a77a316860,рій,easy,animals,core,
w_1e0360bcbe,рік,easy,events,core,
w_34ddf34f38,рілс,easy,internet,core,
w_59604f3f14,річка,easy,nature,core,river_pen
w_29534eec58,річниця,easy,events,core,
w_98a9cb5aa3,робота,easy,work,core,robot
w_f680d164f2,родзинки,easy,food,core,
w_c8834516e1,родина,easy,family,core,rodych
w_11c279bf24,родич,easy,family,core,rodych
w_431e59e298,родичі,easy,family,core,rodych
w_95d5a030f4,родичка,easy,family,core,rodych
w_098b651e6d,розбійник,easy,people,core,
w_5336a23999,розв'язка,easy,places,core,
w_0c9d3bb4a9,розворот,easy,actions,core,
w_e6515ed776,роздягальня,easy,places,core,
w_46b3e82274,розклад,easy,school,core,
w_f99debc802,розлучення,easy,relationships,core,
w_35b69239b4,розминка,easy,actions,core,
w_1038ef6282,розмова,easy,actions,core,
w_c6e0834850,розписка,easy,work,core,
w_1d1860799d,розповідь,easy,actions,core,
w_aaeb7bf6f0,розпродаж,easy,work,core,
w_7b63df2650,розрив,easy,relationships,core,
w_5fcb0d23f7,розслаблення,easy,emotions,reject,
w_8f561a74c8,розставання,medium,relationships,reject,
w_d0766293ca,розчарування,medium,emotions,reject,
w_3aef1752fe,розчин,easy,science,reject,
w_b5cbcd9cbc,рок,easy,music,core,
w_6ac3a26e1b,роли,easy,food,core,
w_0797b00076,роль,medium,movies,core,
w_ec78136518,ром,easy,drinks,core,
w_b9ac3c6c24,ромашка,easy,nature,core,
w_12fe557432,роса,easy,nature,core,
w_edee67b408,росомаха,easy,animals,core,
w_7942aca48d,рот,easy,body,core,
w_2f2aa8019e,роутер,medium,technology,core,
w_cf048294c1,рошен,easy,brands,core,
w_f1d02e5524,рояль,easy,music,core,
w_fb0617c987,руїни,easy,history,reject,
w_38c9a88d5e,рука,easy,body,core,river_pen
w_9baeb3e4a9,рукав,easy,clothing,core,river_pen
w_fa0bcb501c,рукавиці,easy,clothing,core,river_pen
w_2b41a05b72,рукавички,easy,clothing,core,river_pen
w_ab9155c48f,рулетка,easy,tools,core,
w_c6e77be090,русалка,easy,people,core,
w_bd35d68f6a,ручка,easy,school,core,river_pen
w_440de0ec2e,ручна поклажа,easy,travel,core,
w_0a62c0a4ff,рушник,easy,home,core,
w_6d94877656,рюкзак,easy,school,core,
w_303387e303,ряжанка,medium,drinks,core,
w_af219ddc2d,рятування,medium,actions,core,
w_020caccd24,сад,easy,nature,core,sad
w_bb1823b133,садівник,easy,professions,core,sad
w_337594f721,садок,easy,places,core,sad
w_d3b3b8c2b8,сайт,easy,technology,core,
w_0a3ca26317,салат,easy,food,core,salad_robe
w_789bb91288,сало,easy,food,core,
w_6e69b268ee,салют,easy,holidays,core,
w_5f8faaf404,салямі,easy,food,core,
w_ebd13c5399,самбука,easy,drinks,core,
w_b68de353a7,самогон,easy,drinks,core,
w_2a3bf383df,самокат,easy,transport,core,
w_b16edf5fdb,самотність,medium,emotions,reject,
w_0aa1bed7f4,самсунг,easy,brands,core,
w_77ff7259d6,санаторій,easy,places,core,
w_8cbc4564ec,сангрія,easy,drinks,core,
w_014c22adb6,сандалі,easy,clothing,core,
w_474eff2ee0,сани,easy,transport,core,sani
w_5d35540bca,сантехнік,easy,professions,core,
w_f211d98de8,санчата,easy,sports,core,sani
w_c262a33f87,сапа,easy,tools,core,
w_7fae40cd9a,сарай,easy,places,core,
w_18d6e45a11,сарафан,easy,clothing,core,
w_1f0d19afcf,сардина,easy,animals,core,
w_1d6555478c,сафарі,easy,travel,core,
w_9e5c10f706,сварка,easy,relationships,core,
w_5c649bfc9f,сват,medium,family,core,swat
w_68d9585d57,светр,easy,clothing,core,
w_2ffb5c4540,свиня,easy,animals,core,
w_385c1d8173,свист,easy,actions,core,svist
w_ee41c2c422,свисток,easy,sports,core,svist
w_083806ab94,свідок,easy,people,core,
w_9f779cf9f9,світло,easy,science,core,
w_e347e4d4f0,світлофор,easy,transport,core,
w_0e4e7f2f60,світлячок,easy,animals,core,
w_7862625222,свічка,easy,home,core,
w_2f60c10be6,свобода,easy,abstract,core,
w_02cd6260aa,свояк,hard,family,core,
w_562117ded8,свято,easy,holidays,core,
w_56d5f56d79,священик,easy,professions,core,
w_91b90b628e,сеанс,easy,movies,core,
w_ccf4e16bf5,Севастополь,easy,cities,core,
w_808ab89e7b,сейф,easy,work,core,
w_74a56388ea,секатор,easy,tools,core,
w_2de08edec6,секретар,easy,professions,core,
w_5dbcff22d6,секунда,easy,events,core,
w_98288749de,секундомір,easy,sports,core,
w_6840f0d799,село,easy,places,core,
w_89b30cb083,селфі,easy,actions,core,selo
w_7659eedaee,селянин,easy,people,core,selo
w_8edab8aae2,семінар,easy,school,core,
w_31f8ad60ea,сенс,hard,abstract,reject,
w_2cddbed183,сенсор,medium,technology,core,
w_a49bbef04f,сервер,easy,technology,core,
w_63ed2d1246,серветка,easy,home,core,
w_2d269aedca,сервірування,hard,actions,core,
w_8e0d50f3b9,середа,easy,events,core,
w_31ce4f195e,сережки,easy,clothing,core,
w_5a084b662b,серенада,medium,music,core,
w_7d83b16566,серіал,easy,movies,core,
w_66a4a38026,серфінг,easy,sports,core,
w_4b96049cb3,серце,easy,body,core,
w_3fcff1de00,сестра,easy,family,core,
w_f09d94ea47,сигнал,easy,abstract,core,
w_6dcbe3bef6,сидр,easy,drinks,core,
w_2fcdb9d858,сила,easy,science,core,
w_15ab9e4ed4,син,easy,family,core,
w_03ad888729,синець,easy,body,core,blue
w_d07e9de024,синиця,medium,animals,core,blue
w_8fb132bbbe,сир,easy,food,core,
w_c37b82f382,сирена,easy,events,core,
w_428aac99a7,сирник,easy,food,core,
w_c805be387b,сирота,easy,people,core,
w_a566b29f73,Сідней,easy,cities,core,
w_e52c3a10df,сік,easy,drinks,core,
w_3c70c8a33d,сіль,easy,food,core,
w_413ce3bdb9,сільпо,easy,brands,core,
w_297851e4fb,сім-карта,easy,technology,core,
w_b6738f62a1,сім'я,easy,family,core,
w_f0f7604a9d,сірник,easy,tools,core,
w_1c75b951f9,сітка,easy,sports,core,
w_e1da947ec4,скакалка,easy,sports,core,
w_f995ce2751,сканер,easy,technology,core,
w_055fa8d00d,скарб,easy,abstract,core,
w_8ef7bf25cc,скатертина,easy,home,core,
w_63e2fdf160,скафандр,easy,clothing,core,
w_749879c15c,скейтборд,easy,sports,core,
w_1878aa5e44,скелет,easy,science,reject,
w_f5c8fb9379,скеля,easy,nature,core,
w_9dc97943ab,склад,easy,places,core,
w_c3691a36dc,склянка,easy,home,core,
w_323a329fb1,сковорода,easy,home,core,
w_1d4a3c728f,скорпіон,easy,animals,core,
w_2512a218b1,скотч,easy,tools,core,
w_cebb5ca399,скрипка,easy,music,core,
w_e4b0cb98f3,скріншот,easy,technology,core,
w_1de9b12e87,скульптура,easy,movies,core,sculptor_root
w_d99a523b56,скунс,easy,animals,core,
w_4d6bc39e23,скутер,easy,transport,core,
w_8eceb30965,слива,easy,food,core,slyva
w_7cb5e812df,слина,easy,body,core,slyva
w_007873f64b,слинявчик,easy,clothing,core,
w_fc9f6db98d,словник,easy,school,core,
w_f56eb6c35a,слово,easy,abstract,core,
w_4c28c7787b,слон,easy,animals,core,
w_976478232b,слухач,easy,people,core,
w_dbcf7dfe74,сльози,easy,emotions,core,
w_ba8e6e7f69,смажити,easy,actions,core,
w_c79a4060ed,смайлик,easy,internet,core,
w_2642249660,смак,easy,abstract,core,
w_0baf13b5c4,смартфон,easy,technology,core,
w_fd56fd108f,сметана,easy,food,core,
w_a50acc9787,смітник,easy,places,core,trash
w_aba620892e,сміттяр,medium,professions,core,trash
w_36caeb3d19,сміх,easy,emotions,core,
w_6056f74929,смокінг,easy,clothing,core,
w_cd89b26e38,смола,easy,nature,core,
w_ede67f4895,смородина,easy,food,core,
w_e13fe4e938,смс,easy,technology,core,
w_6e93b16a7b,смузі,easy,drinks,core,
w_d7ab54ad1e,смуток,medium,emotions,reject,
w_023497ef0e,сніг,easy,nature,core,snow
w_681e5802bd,сніговик,easy,holidays,core,snow
w_11a9088286,снігопад,easy,nature,core,snow
w_214abfe332,снігохід,easy,transport,core,snow
w_4c7dc5ab3f,сніданок,easy,food,core,
w_8773be81ef,сніжинка,easy,nature,core,snow
w_5df30348a8,сніжок,medium,drinks,core,snow
w_5eeb8e3d33,снікерс,easy,brands,core,
w_ee0d4e98b7,сноуборд,easy,sports,core,
w_c1ca9945c2,собака,easy,animals,core,
w_18d88b2844,собор,easy,history,core,
w_ce82c8b5e4,сова,easy,animals,core,
w_f2a7135b4b,совок,easy,home,core,
w_57620d0442,сокира,easy,tools,core,
w_9a4a2cd217,сокіл,medium,animals,core,
w_625672426b,соло,easy,music,core,
w_d2d11fa1b9,соловей,easy,animals,core,
w_96f8ff047d,солодощі,easy,food,core,
w_f32583e01e,солянка,easy,food,core,
w_bd611e6c33,сом,easy,animals,core,son
w_e6e87d6d5f,сон,easy,body,core,son
w_49b21f2eb0,сонечко,easy,animals,core,son
w_5dde87d561,сонливість,easy,body,core,
w_8aaf5642d0,сонце,easy,nature,core,son
w_2c042c999a,соняшник,easy,nature,core,son
w_5ce3d82779,сопілка,easy,music,core,
w_5163a4c5e2,сорока,easy,animals,core,soroka
w_aa51d71a3e,сороконіжка,easy,animals,core,
w_43239691b4,сором,easy,emotions,reject,
w_3c5da734f4,сором'язливість,easy,personality,core,
w_853dd122b0,сорочка,easy,clothing,core,soroka
w_3380fd3fc0,сортування,easy,actions,core,
w_cbabda4dbe,сосиска,easy,food,core,
w_ff64faa6c4,сосна,easy,nature,core,
w_ffda293b80,соус,easy,food,core,
w_39e90dd36d,спадщина,easy,history,reject,
w_b05e687064,спальник,easy,travel,core,
w_aabd7588e6,спальня,easy,home,core,
w_de5c3d163d,спам,easy,internet,core,
w_5058c394e5,спека,easy,nature,core,
w_39a8ebd378,спеції,easy,food,core,
w_91a5b2d322,спина,easy,body,core,
w_8ace821ce1,співак,easy,professions,core,
w_a4d7ed57c5,співбесіда,easy,work,core,
w_64d6d02faf,співчуття,easy,emotions,reject,
w_4f643a452b,спідниця,easy,clothing,core,
w_763e4224f8,спілкування,easy,relationships,core,
w_01242e1fee,спінер,easy,games,core,
w_3b8d3ca5fd,сплячка,easy,animals,core,
w_768f5dbe29,сповіщення,easy,internet,core,
w_6629feb5b3,спойлер,easy,movies,core,
w_97bca490bf,спокій,easy,emotions,core,
w_3d292446a2,спокуса,easy,behavior,reject,
w_f6c7e794a6,спортзал,easy,places,core,sport
w_298e7812b1,спуск,easy,actions,core,
w_18279461e1,ставок,easy,nature,core,
w_1318643a6b,стадіон,easy,places,core,
w_13266b4a1f,стадо,easy,animals,core,
w_38b0d39e96,Стамбул,easy,cities,core,
w_ddf1136d08,станція,easy,places,core,
w_3c5ed87b23,Старлінк,easy,brands,core,
w_d4965fc9e4,староста,easy,school,core,
w_4296253f16,старт,easy,sports,core,
w_ca80cc7d7d,стейк,easy,food,core,
w_8b7900dfa9,стеля,easy,home,core,stels
w_4117ef00a0,стендап,easy,tv,core,
w_cbeee1e2c8,Стефанія,easy,music,core,
w_15ee01dd85,стиль,easy,abstract,core,
w_4888493e05,стікер,easy,internet,core,
w_e542662a68,стіл,easy,home,core,stil
w_02719dc883,стілець,easy,home,core,stil
w_c11a1e7d38,стіна,easy,home,core,stil
w_acc74c728b,стовбур,easy,nature,core,
w_48afed59d9,столиця,easy,places,core,
w_78428d2e85,столяр,easy,professions,core,
w_fc19dd360c,стоматолог,easy,professions,core,
w_6484ad02c5,стопа,easy,body,core,
w_2344d28c0c,сторіс,easy,internet,core,
w_3b95d2fd2a,страва,easy,food,core,
w_dac27235d7,страус,easy,animals,core,
w_b59d399030,страх,easy,emotions,core,
w_cffbacc53d,страховка,easy,travel,core,
w_956ff72279,стрес,easy,emotions,reject,
w_c38f742843,стрибок,easy,actions,core,jump
w_c03938923b,стрижка,easy,actions,core,stryj
w_f4ce5c92f8,стрімер,easy,professions,core,
w_af6efde757,струмок,easy,nature,core,
w_9bded2260a,струна,easy,music,core,
w_38107313dd,студент,easy,professions,core,
w_c2cf1ecf46,студія,easy,tv,core,
w_fc672a7fa9,стукіт,easy,actions,core,
w_5339a010fe,стюардеса,easy,professions,core,
w_27ab2ee2dc,субота,easy,events,core,
w_1ea197d779,субсидія,medium,society,reject,
w_f96eb4db23,субтитри,easy,movies,core,
w_43fc0b20d9,сувенір,easy,travel,core,
w_99bb1cfda3,суворий,easy,personality,core,
w_841b2c562b,суглоб,easy,body,core,
w_8b55b49e86,суд,easy,places,core,sud
w_335c2a6ce0,суддя,easy,professions,core,sud
w_048adc9656,судома,easy,body,core,
w_9518f92307,сукня,easy,clothing,core,
w_22f1eeff41,сулугуні,easy,food,core,
w_8a56dedbf2,сум,easy,emotions,core,
w_0da4acc008,сумка,easy,home,core,
w_8d78715056,сумнів,easy,emotions,reject,
w_f61df26456,суп,easy,food,core,
w_54c1db241f,супергерой,easy,people,core,
w_69e6efd3f4,суперник,easy,sports,core,
w_0e586bc073,сусід,easy,people,core,neighbor_root
w_93c6634d13,сусідка,easy,people,core,neighbor_root
w_955c9ca1c5,суфлер,medium,movies,core,
w_c153e86185,сухарик,easy,food,core,
w_de8ef581ae,сухофрукти,easy,food,core,
w_98df815895,сушарка,easy,home,core,
w_3fa3256c1e,суші,easy,food,core,
w_d044f44843,схил,easy,nature,core,
w_545dd580de,схід,easy,travel,core,
w_ffca8463e3,сходи,easy,home,core,
w_07af073ebf,сценарій,easy,movies,core,scena
w_7e75d5b17e,сьогодні,easy,events,core,
w_3aa7e5c3ff,табель,easy,school,core,
w_3ae7c9b7c8,таблетка,easy,body,core,
w_f120cdfbda,табло,easy,sports,core,
w_e6fce84182,табуретка,easy,home,core,
w_7cd545689d,таємниця,easy,abstract,reject,
w_cb2065ee10,тайга,medium,nature,core,
w_30286a58ab,тайм,easy,sports,core,
w_9ffdde697c,таксист,easy,professions,core,taxi
w_f8038751c7,таксі,easy,transport,core,taxi
w_9803fb0cb8,талант,easy,personality,reject,
w_146d94297e,талант-шоу,medium,tv,core,
w_263ff53293,талія,easy,body,core,
w_34bb4c18c4,танго,medium,music,core,
w_e9d3ac6813,танець,easy,actions,core,
w_3d2fa5a71e,танцюрист,easy,professions,core,
w_64ca621e81,тарантул,easy,animals,core,
w_c41ab37f0a,тариф,easy,society,reject,
w_8a9a40896b,тарілка,easy,home,core,
w_f09e6f5598,тархун,easy,drinks,core,
w_a8494ccf68,тато,easy,family,core,
w_db84e97612,тачпад,easy,technology,core,
w_234f564bd6,Тбілісі,easy,cities,core,
w_0337a98db5,твір,easy,school,core,
w_e9e71e76e3,творчість,easy,personality,reject,
w_a3dd219a4b,театр,easy,places,core,
w_12f043e568,телебачення,easy,tv,core,tv
w_ed78520668,телеведуча,easy,tv,core,tv
w_ba7297cf9f,телевізор,easy,technology,core,tv
w_c24275e221,телеглядач,easy,tv,core,tv
w_a9ddb7aa65,телеграм,easy,brands,core,telegraph
w_ef05be0420,телеканал,easy,tv,core,tele
w_0409275eab,телепередача,easy,tv,core,tele
w_78f9edee07,телесеріал,easy,tv,core,tele
w_cbe451c037,телефон,easy,technology,core,
w_af85d77f04,темп,easy,music,core,
w_b3cc956c2d,температура,easy,body,core,
w_a9251fa0bc,теніс,easy,sports,core,
w_93c8360bf0,теплиця,easy,places,core,
w_4f93b52435,теплота,easy,emotions,core,
w_40ed5ad653,терапевт,easy,professions,core,
w_1f1bb5a57f,тераса,easy,home,core,
w_f8d3cf9065,термінал,easy,places,core,
w_6f9bf1befc,термобілизна,easy,clothing,core,
w_7a1d306c37,термометр,easy,body,core,
w_48e9b453bb,термос,easy,home,core,
w_cdf340ebc6,Тероборона,easy,society,core,
w_45bb00bfbd,тертка,easy,home,core,
w_8ff6254de6,тертя,easy,science,reject,
w_cc9e6c32cb,техно,easy,music,core,
w_2d6ee1b8b6,теща,easy,family,core,
w_8569e7aeee,тигр,easy,animals,core,
w_ea39dfd77c,тиждень,easy,events,core,
w_3301301f85,тир,easy,games,core,
w_6d6a4194ca,тиск,easy,science,reject,
w_13523787f5,титри,easy,movies,core,
w_bdfa2e0c47,тікток,easy,brands,core,
w_dcaee70d45,тімбілдинг,easy,events,core,
w_95875e4904,тінь,easy,nature,core,
w_ee9f937af0,тірамісу,easy,food,core,
w_03da5c9b4f,тістечко,easy,food,core,tisto
w_1cd8c02a77,тісто,easy,food,core,tisto
w_3bacfbadc3,ткач,easy,professions,core,
w_cfc5d5f97e,товар,easy,work,core,
w_44ef7afd9b,товариш,easy,people,core,
w_91adf379c0,ток-шоу,easy,tv,core,
w_d8a57df6bd,Токіо,easy,cities,core,
w_da704de5d6,толстовка,easy,clothing,core,
w_eef615cecc,тонік,easy,drinks,core,
w_93b978c549,тополя,easy,nature,core,
w_26e898c929,торговий центр,medium,places,core,
w_d564740d0e,торт,easy,food,core,
w_db0e3492e2,тост,easy,food,core,tost
w_cce2fcf9b2,тостер,easy,home,core,tost
w_a2578954b0,точилка,easy,tools,core,
w_00dad6bb4f,трава,easy,nature,core,
w_90779f950a,травоїдний,easy,animals,core,
w_97ea19b1c0,трактор,easy,transport,core,traktor
w_0ec9d7ddee,тракторист,easy,professions,core,traktor
w_847aa4353b,трамвай,easy,transport,core,
w_f77766de41,транзит,easy,travel,core,
w_f7c3781551,трансляція,easy,internet,core,
w_d653ef5cdd,транспортир,easy,school,core,
w_2a8cf66d1b,трансфер,easy,travel,core,
w_128bb16802,трафік,easy,internet,core,
w_5347031576,трейлер,easy,movies,core,
w_10de9d74b2,трек,medium,music,core,
w_2dce239ca6,трекінг,easy,travel,core,treking
w_fe9ba01bd7,тренажер,easy,sports,core,
w_0172e7eeea,триатлон,easy,sports,core,
w_fce06aef37,тривога,easy,events,core,
w_5d8b9d50dd,тризуб,easy,history,core,
w_fd8436fe46,трико,easy,clothing,core,
w_a454c0f0b9,трикутник,easy,music,core,
w_3310c9035d,трилер,easy,movies,core,
w_69ae0adddc,трійка,easy,school,core,trijka
w_187ebcc98e,Трійця,easy,holidays,core,trijna
w_ff4ff66970,тріска,easy,animals,core,trijka
w_b3efca6a3a,тролейбус,easy,transport,core,
w_874c7cb8b2,трон,easy,history,core,
w_06cc9e1721,тротуар,easy,places,core,
w_26ed1937c9,троянда,easy,nature,core,
w_d5f6d0d8da,труба,easy,music,core,truba
w_64eafb5e4a,труси,easy,clothing,core,
w_0e076bde20,туалет,easy,places,core,
w_4292a09665,туз,easy,games,core,
w_1e9e90a693,туман,easy,nature,core,
w_3f35755823,тумба,easy,home,core,
w_d63207ec16,тундра,easy,nature,core,
w_f5204e9fa0,тунець,easy,animals,core,tuna
w_b7c57fa074,тур,easy,travel,core,
w_9122cf95d6,турбота,easy,relationships,reject,
w_292eca02b4,турботливість,hard,personality,reject,
w_6193ebbfce,турист,easy,people,core,
w_83a873e09e,турнік,easy,sports,core,turnik
w_24fd3571ff,туроператор,easy,travel,core,
w_d854558d69,туфлі,easy,clothing,core,
w_1a6f9f25df,тушонка,easy,food,core,
w_91d57dd085,тхеквондо,easy,sports,core,
w_2a04b2d8ac,тюлень,easy,animals,core,
w_446d1ee561,тюль,easy,home,core,
w_02b7d7d0e7,тюльпан,easy,nature,core,
w_b056f1efcb,уважність,easy,personality,reject,
w_c32a7ad7b4,угода,easy,work,core,
w_aa04dbcc13,удав,easy,animals,core,
w_87452f4bac,Ужгород,easy,cities,core,
w_ef569d3714,узвар,easy,drinks,core,
w_8ecc4df72f,уклін,easy,behavior,reject,
w_134ce08471,укол,easy,body,core,
w_3be2bba4d0,українець,easy,people,core,ukrman
w_d7073bee61,українка,easy,people,core,ukrman
w_15b150746d,Укрзалізниця,easy,transport,core,ukrman
w_f7c51ae5e7,укриття,easy,places,core,
w_623544d82a,Укрпошта,easy,brands,core,ukrman
w_2c77af8e9d,умивальник,easy,home,core,
w_304ce7f69d,унітаз,easy,home,core,
w_e5c9c1f7fc,ураган,easy,nature,core,
w_b958563d08,урок,easy,school,core,
w_86d7ddc60b,усмішка,easy,emotions,core,
w_7191fa1b33,устілка,easy,clothing,core,
w_1e38a27706,учасник,easy,people,core,
w_0a66328756,учениця,easy,school,core,skolar
w_220f1c42f1,учень,easy,school,core,skolar
w_b834ace6f5,учитель,easy,professions,core,teacher_root
w_c592364c0c,ущелина,easy,nature,core,
w_7610f48f5d,фазан,medium,animals,core,
w_2ba78e8e01,файл,easy,technology,core,
w_f6f46818ad,факт,easy,abstract,reject,
w_2d839a8617,фалафель,easy,food,core,
w_855017ab32,фанат,easy,people,core,
w_725bff3ffe,фанта,easy,brands,core,
w_6ca7ea33aa,фара,easy,transport,core,
w_8bb74254b1,фараон,easy,history,core,
w_35358d927d,фарба,easy,tools,core,
w_ad3923c877,фартух,medium,clothing,core,
w_8ca2780b20,фарш,easy,food,core,
w_25960e0773,фата,easy,holidays,core,
w_1d1f04fc95,фен,easy,home,core,
w_d0a96d29bb,ферма,easy,places,core,farm
w_897ded9111,фермер,easy,professions,core,farm
w_b94b2977e0,фета,easy,food,core,
w_22d73d3863,фехтування,easy,sports,core,
w_a143329f29,фея,easy,people,core,
w_c46c7d28ea,фіалка,easy,nature,core,
w_0dbe879476,фігурка,easy,games,core,
w_4cd14aa0dd,фізика,easy,school,core,
w_883cbe5adf,фізкультура,easy,school,core,
w_3bdcfc19f5,філармонія,hard,places,core,
w_f073af8034,фільм,easy,movies,core,
w_8ab0f54bf4,фінік,medium,food,core,finik
w_cd325dd50b,фініш,easy,sports,core,finik
w_b5d35e2075,фірма,medium,work,core,
w_dc40a79b90,фісташка,easy,food,core,
w_96ab7ab44e,фітнес,easy,sports,core,fintess
w_2ae865f799,фітнес-браслет,easy,technology,core,fintess
w_416086f75b,фішка,easy,games,core,
w_417b0f5537,фламінго,easy,animals,core,
w_e418afe619,флейта,easy,music,core,
w_35522f4e13,флешка,easy,technology,core,
w_60bd339439,флешмоб,easy,events,core,
w_44b65f4314,флірт,easy,relationships,reject,
w_f026655cec,фломастер,easy,tools,core,
w_786357e26b,фойє,medium,movies,core,
w_f18b1a1ebd,фол,medium,sports,core,
w_bd8bb05550,фонтан,easy,places,core,
w_aa210dd475,форель,easy,animals,core,
w_ffbf6b9283,формочка,easy,games,core,
w_e311883b3d,формула,easy,science,reject,
w_4d17795874,фортепіано,easy,music,core,
w_21fd7b8919,фортеця,easy,places,core,
w_3a44965ae0,форум,easy,events,core,
w_62f6b5968f,фотоапарат,easy,technology,core,
w_ccbfa22684,фотозона,easy,holidays,core,
w_f22a8bd75e,ФПВ-дрон,easy,technology,core,
w_bd2c2e1698,фрапе,medium,drinks,core,
w_eecb437eed,фрукти,easy,food,core,
w_86dd598c31,фундук,medium,food,core,
w_190bed235a,фургон,medium,transport,core,
w_091971c8ad,фуршет,easy,events,core,
w_3dbc5b65ff,футбол,easy,sports,core,football_root
w_6ac481398b,футболка,easy,clothing,core,football_root
w_f9c2fda201,хайкінг,easy,travel,core,
w_ee975df9bd,Хаймарс,easy,technology,core,
w_663fb887e5,хакер,easy,professions,core,hakaton
w_467ae8c545,халат,easy,clothing,core,salad_robe
w_18cd2c5480,халва,easy,food,core,
w_5f08448de3,хамелеон,easy,animals,core,
w_5591819317,хамство,medium,behavior,reject,
w_3e8280aebf,Харків,easy,cities,core,
w_ec03dc2e86,хата,easy,places,core,
w_cba4e83019,хачапурі,easy,food,core,
w_4ae3790e78,хвастощі,medium,behavior,reject,
w_fe7966523b,хвилина,easy,events,core,
w_1ab94ae693,хвилювання,easy,emotions,reject,
w_8fbddda8b2,хвиля,easy,nature,core,
w_b609bf3007,хвіст,easy,animals,core,
w_834e183729,хвоя,easy,nature,core,
w_6f7b7df9ab,Херсон,easy,cities,core,
w_4c4452162a,хештег,easy,internet,core,
w_364d638eec,хижак,easy,animals,core,
w_e877de86d6,хихотіння,easy,actions,core,
w_830cd00b7f,хінкалі,easy,food,core,
w_76a402c206,хірург,easy,professions,core,
w_8f8d2a8f7c,хіт,medium,music,core,
w_566f99a41e,хліб,easy,food,core,
w_0599d613c4,хлібниця,easy,home,core,
w_7aa9d9d115,хлопець,easy,people,core,
w_20bd0283a8,хмара,easy,nature,core,
w_8de191330c,хобот,easy,animals,core,
w_e1bb9d07df,хованки,easy,actions,core,
w_cf57844f58,ховання,medium,actions,core,
w_28df895947,ходьба,easy,actions,core,
w_ee769c0eea,хокеїст,easy,professions,core,
w_db1b860b41,хокей,easy,sports,core,
w_81b1b57ade,холодець,easy,food,core,
w_549ca77067,холодильник,easy,home,core,
w_3341f05b82,хом'як,easy,animals,core,
w_96f8bed48c,хор,easy,music,core,
w_c119954391,хостел,easy,places,core,
w_e441c1f2ee,хот-дог,easy,food,core,
w_b4da89604c,храм,easy,history,core,
w_493a5776ed,храп,easy,body,core,
w_173b7ef832,хребет,easy,body,core,
w_bad7c77d3a,хрест,easy,history,core,
w_bebf5de1ef,хрестини,easy,events,core,hrist
w_66538a4a4f,хрещеник,easy,family,core,hrist
w_1ed38b95a2,хрещениця,easy,family,core,hrist
w_84533eb441,хрін,easy,food,core,hrin
w_a0f28f365f,хрущ,medium,animals,core,hrin
w_15ff021fa5,хрюкання,medium,animals,core,
w_ac75bd1d64,худі,easy,clothing,core,
w_1748d847c4,художник,easy,professions,core,
w_1f29839dba,хуліган,easy,people,core,
w_c1eed9a83a,хумус,easy,food,core,
w_b7114d8728,хурма,easy,food,core,
w_44551d1182,хуртовина,easy,nature,core,
w_7ccaf2da84,хустка,easy,clothing,core,
w_3be1c6450c,хутро,easy,animals,core,
w_773d409271,цвіркун,easy,animals,core,
w_bec4ddc05c,цвях,easy,tools,core,
w_77e83705c0,центр,easy,places,core,
w_3216ca808b,церква,easy,places,core,
w_abdbeea6a0,цибуля,easy,food,core,
w_827c1b74dc,цимбали,medium,music,core,
w_4bd0a77981,цирк,easy,places,core,
w_f144d7db69,ціна,easy,society,reject,
w_c417715d0d,цукерка,easy,food,core,
w_8fe9c7008b,цукор,easy,food,core,
w_e3679e8e58,цукрова вата,easy,food,core,
w_b686af84d3,цуценя,easy,animals,core,
w_c90efe38a1,чай,easy,drinks,core,cup_gull
w_1a5746748f,чайка,easy,animals,core,cup_gull
w_6167ca3922,чайник,easy,home,core,cup_gull
w_5c977f4fff,чайові,easy,work,core,cup_gull
w_43bc52fbb7,чаклун,easy,people,core,
w_c839fb59e5,чапля,easy,animals,core,
w_eaf60e6623,чартер,easy,travel,core,
w_a00def4c6d,часник,easy,food,core,
w_abc57fd657,частина,easy,abstract,reject,
w_59957810f0,чат,easy,technology,core,
w_6540e436f5,чашка,easy,home,core,cup_gull
w_b9447b600e,чебурек,easy,food,core,
w_ba476ca6ea,чек,easy,work,core,trav
w_2858ffe6e7,чек-аут,easy,travel,core,trav
w_dbf7031ff5,чек-ін,easy,travel,core,trav
w_d75bcdb6f0,чемпіон,easy,sports,core,champ
w_bab1ceadf2,чемпіонат,easy,sports,core,champ
w_7633467c8e,черв'як,easy,animals,core,
w_f63939c81c,черга,easy,work,core,
w_a19bf6ab80,черевик,easy,clothing,core,shoe_root
w_1305d097af,черевики,easy,clothing,core,shoe_root
w_1f93311d93,черепаха,easy,animals,core,
w_75f2809da0,черешня,easy,food,core,
w_860c2d8651,Чернівці,easy,cities,core,
w_8d22eac22a,четвер,easy,events,core,
w_0996f49518,четвірка,easy,school,core,
w_6420d14c18,чизкейк,easy,food,core,
w_7f5a640a82,Чикаго,medium,cities,core,
w_491e10af63,читання,easy,actions,core,chyt
w_7275fe1450,читач,easy,people,core,chyt
w_8a106ce7ac,чіпси,easy,food,core,
w_28c234d57a,чоботи,easy,clothing,core,
w_464134f395,човен,easy,transport,core,
w_5fd5cfe1bf,чоловік,easy,family,core,
w_8cfa27eecf,чорний чай,medium,drinks,core,black
w_3ba5f57f12,чорниця,easy,food,core,black
w_3e5f19afcc,Чорнобаївка,easy,cities,core,
w_4ea6d04823,чорнобривці,easy,nature,core,black
w_1f69e06766,чорнозем,easy,nature,core,black
w_2043666b7a,чорт,easy,people,core,
w_39e88ebe8f,шайба,easy,sports,core,
w_57048bdef6,шампанське,easy,drinks,core,
w_13b5ecb1ee,шампунь,easy,home,core,
w_6f84412084,шанс,easy,abstract,reject,
w_2afe1ea16f,шантаж,easy,behavior,reject,
w_4c8fa34105,Шанхай,easy,cities,core,
w_175bdcc2e7,шапка,easy,clothing,core,
w_f4b7a8af60,шаровари,easy,clothing,core,
w_09fe7e51ca,шарф,easy,clothing,core,
w_ec2db0298c,шаурма,easy,food,core,
w_60c5210ccb,шафа,easy,home,core,
w_11bbe6aad8,Шахед,easy,technology,core,shahed_root
w_4a94d26470,шахи,easy,games,core,shah
w_79c8404883,шахрай,easy,people,core,shah
w_7f0f743d43,шахтар,easy,professions,core,shah
w_27013d6cc1,шашки,easy,games,core,shah
w_7ca95e408a,шашлик,easy,food,core,
w_dd02528797,швабра,easy,home,core,
w_923ae4f212,швидкість,easy,science,core,
w_134ff475b1,шенген,hard,travel,core,
w_55c221f0f5,шепіт,easy,actions,core,
w_ea72fc09fb,шерсть,easy,animals,core,
w_c8bc731cba,шершень,medium,animals,core,
w_dc5fd22599,шеф,easy,people,core,
w_1fb9a05817,шило,easy,tools,core,
w_386af2c64b,шимпанзе,easy,animals,core,
w_6a9efa09e6,шина,easy,transport,core,
w_1578ac9ff8,шинка,easy,food,core,
w_73fefcc82c,шипіння,easy,animals,core,
w_5c1e786160,шиття,easy,actions,core,
w_204579f691,шишка,easy,nature,core,
w_74c5b98166,шия,easy,body,core,
w_e02a0b9c06,шкарпетки,easy,clothing,core,
w_c61fbb9203,шкатулка,easy,home,core,
w_c39e04b593,шкіра,easy,body,core,
w_a41fdb4e19,школа,easy,places,core,school_chocolate
w_9a8b89081d,школяр,easy,professions,core,school_chocolate
w_7229f83953,шкура,medium,animals,core,
w_8eccc0f029,шлагбаум,easy,transport,core,
w_65e53378d3,шлунок,easy,body,core,
w_be8515d0b6,шльопанці,easy,clothing,core,
w_df6a2fa633,шлюб,easy,relationships,reject,
w_587ef7b9b5,шнурки,easy,clothing,core,
w_0374dbcd3e,шовковиця,easy,food,core,
w_b01aa42948,шок,easy,emotions,reject,
w_1c4506703a,шоколад,easy,food,core,school_chocolate
w_07f79c6064,шолом,easy,clothing,core,
w_541b072211,шорти,easy,clothing,core,
w_81c236e911,шосе,easy,places,core,
w_a8624ef184,шоу,easy,events,core,
w_ce51cccd3f,шпагат,easy,tools,core,schpaga
w_cc08beb7e3,шпак,medium,animals,core,
w_7c10e18423,шпалери,easy,home,core,
w_591217f50a,шпаргалка,easy,school,core,
w_7768095f75,шпигун,easy,professions,core,
w_f8bacb2ab4,шприц,easy,body,core,
w_58e1e92ebf,шпроти,easy,food,core,
w_50cdde586a,шрам,easy,body,core,
w_eb306cb8a9,штаб,easy,places,core,
w_265ccd5307,штамп,easy,travel,core,
w_c9bbf37233,штанга,easy,sports,core,
w_e56604d428,штани,easy,clothing,core,
w_97e139a285,штатив,easy,technology,core,
w_4a44b95295,штовхання,medium,actions,core,
w_95836e6a9d,штопор,easy,home,core,
w_270044b1d8,штора,easy,home,core,storm
w_aee8cbd5f6,шторм,easy,nature,core,storm
w_dda9b45a9c,штраф,easy,society,reject,
w_501d381f73,штрихкод,easy,technology,core,
w_c1cfa266f6,штрудель,medium,food,core,
w_e165b9b8bb,штукатур,easy,professions,core,
w_6428229896,шуба,easy,clothing,core,
w_a903c2cef9,шуруп,easy,tools,core,schurup
w_16f20fe988,шуруповерт,easy,tools,core,schurup
w_12c6e5d507,шухляда,easy,home,core,
w_aa1505791c,щасливчик,easy,people,core,
w_6a8b9d3504,щастя,easy,emotions,reject,
w_5f6a6dca40,щедрість,easy,personality,reject,
w_96af12f201,щедрування,hard,holidays,core,
w_5792305e33,щелепа,easy,body,core,
w_4e435714fe,щеплення,medium,body,core,
w_76fde9555c,щиколотка,medium,body,core,
w_40575927ae,щирість,medium,personality,reject,
w_3f28ba1d1f,щит,easy,history,core,
w_4f3cfa2282,щітка,easy,home,core,
w_4fbd741deb,щоденник,easy,school,core,
w_e9bcc7b0b7,щока,easy,body,core,
w_32e6e111c3,щука,easy,animals,core,
w_e1ab1a8d27,щупальце,easy,animals,core,
w_6d74e3ab22,ювілей,easy,events,core,
w_2bcf7b2315,юнак,easy,people,core,
w_4467a77b72,юрист,easy,professions,core,
w_2b526d1863,ютуб,easy,brands,core,
w_b6ea864c3a,юшка,easy,food,core,
w_16b5789b4d,яблуко,easy,food,core,apple
w_cc3e3fda82,яблуня,easy,nature,core,apple
w_cd1fa20561,яблучний сік,easy,drinks,core,apple
w_c5e99c6939,ягня,easy,animals,core,
w_ea29659324,ягода,easy,food,core,
w_e16d447ecc,ягуар,medium,animals,core,
w_a383f66047,яєчня,easy,food,core,
w_4ef0aa67ae,язик,easy,body,core,
w_3e3b38fce9,яйце,easy,food,core,
w_310978f9b7,ялина,easy,nature,core,yalyna
w_16066e424a,ярмарок,easy,events,core,
w_5525d2b8fc,яхта,easy,transport,core,
w_4646f6111e,ящик,easy,home,core,
w_eaf4cdf48c,ящірка,easy,animals,core,
w_050f4c4f3d,F-16,easy,technology,core,
w_3abaf399bd,1 квітня,medium,holidays,core,
w_1f54243df3,абетка,medium,school,core,
w_29a417119c,абзац,medium,school,core,
w_80292ffdcf,Абрамс,medium,technology,core,
w_48381f5c0a,абсент,medium,drinks,core,
w_3d78dbff66,абсолютний нуль,hard,science,reject,
w_4dd5512af4,абсурд,medium,abstract,reject,
w_bb93cb66ee,авантюризм,medium,personality,reject,
w_11d0001814,аварійний вихід,medium,travel,core,
w_6197d6508e,авіакомпанія,medium,travel,core,
w_cebb6a2f55,автограф-сесія,medium,events,core,
w_ef1106b332,автодром,medium,places,core,
w_a7a63ef9b2,автозаповнення,medium,internet,core,
w_ea62e0e6a0,автопробіг,medium,events,core,
w_aebdd958a8,авторитет,medium,relationships,reject,
w_7c41332ca7,автосалон,medium,events,core,
w_cfeeda8a60,агресивність,medium,personality,reject,
w_f0d780f84a,агроном,medium,professions,core,
w_ade059e226,адблок,medium,internet,core,
w_dc4b7981ca,адвент-календар,medium,holidays,core,
w_92aa1aa0ac,адмірал,medium,professions,core,
w_5f6d9db6c3,адреналін,medium,science,core,
w_fff4ad3eb0,адресний рядок,medium,internet,core,
w_25cd6e9f0c,азарт,medium,emotions,core,
w_f06a3acd8a,азот,medium,science,reject,
w_0671f6f314,айкідо,medium,sports,core,
w_a98270e64e,акварель,medium,movies,core,
w_6390d7d387,акваріум,medium,home,core,
w_bbdefba16b,акведук,medium,history,reject,
w_a588d31e92,акліматизація,medium,travel,core,
w_4fa0a1e46b,активіст,medium,people,core,
w_85bb0a91e0,активіті,medium,games,core,
w_7546bc08a1,актор,medium,professions,core,
w_595535fe65,акустика,medium,music,core,
w_62f9a2ca27,аліекспрес,medium,brands,core,
w_26694bcf4e,аліменти,medium,society,reject,
w_212dd57977,альпініст,medium,professions,core,
w_546805c964,альтруїзм,medium,personality,reject,
w_fffc5dddf1,альянс,medium,society,reject,
w_fe1c44e597,алюміній,medium,science,reject,
w_ae00f4d61e,аматор,medium,people,core,
w_7b0b5e256f,амбітність,medium,personality,reject,
w_a2c4e8c319,аміак,medium,science,reject,
w_faec42a200,амністія,medium,society,reject,
w_11b231496c,амплуа,medium,movies,core,
w_54d0b2dd26,амулет,medium,games,core,
w_38f63a8213,амфора,medium,history,reject,
w_09f94fe901,анаграма,medium,games,core,
w_ebb1328e2e,аналогія,medium,abstract,reject,
w_4d2c145578,аналоговнєт,medium,abstract,core,
w_02eeff91dd,анатомія,medium,science,reject,
w_b22759a37f,ангар,medium,places,core,
w_862c3391d2,анекдот,medium,games,core,
w_736925aab3,анестезіолог,medium,professions,core,
w_6db27356d7,аніматор,medium,professions,core,
w_e098af564e,антибіотик,medium,science,reject,
w_7102e0f893,антикваріат,medium,history,reject,
w_6da5406e80,античність,hard,history,core,
w_d344494b37,антонім,medium,school,core,
w_3f357e0b26,антресоль,medium,home,core,
w_78b9db7b33,апартаменти,medium,travel,core,
w_9576600adf,апендицит,medium,body,core,
w_4446c1f8c9,аперитив,medium,drinks,core,
w_90ac1b149f,аранжування,medium,music,core,
w_79b196983f,арбітр,medium,professions,core,
w_d562bddefe,аргумент,medium,abstract,reject,
w_dac45db492,арена,medium,places,core,
w_85668491a2,арешт,medium,society,core,
w_c530328686,арія,medium,music,core,
w_747e98c0fc,арктика,medium,nature,core,
w_4613630fb6,аромат,medium,food,core,
w_c0181510cb,артерія,medium,body,core,
w_e04a129bd9,артефакт,medium,history,reject,
w_fc293773d1,артистичність,medium,personality,reject,
w_43de525e9b,археолог,medium,professions,core,
w_e0204f710f,археологія,medium,science,core,
w_ebea749e47,архітектор,medium,professions,core,architect_root
w_d316a7fd21,асоціація,medium,abstract,reject,
w_3f60a0681e,аспірант,medium,school,core,
w_1b3ea5009f,аспірин,medium,body,core,
w_534a33c4f4,астма,medium,body,core,
w_afd42120f7,астронавт,medium,professions,core,astronaut_root
w_f47f4bf156,астрономія,medium,science,reject,
w_a5d8f6508b,атб,medium,brands,core,
w_7ef82ef84c,атеїст,medium,people,core,
w_c0cac4bf23,атестат,medium,school,core,
w_fb48c9eec5,атракціон,medium,games,core,
w_0f6a4e1b81,аудитор,medium,professions,core,aud
w_108420455c,аудиторія,medium,school,core,aud
w_e52f8714d6,аукціон,medium,events,core,
w_ae9ab952df,аутсайдер,medium,people,core,
w_467aa1c754,аутсорсинг,medium,work,core,
w_a8b14dbb0a,афера,medium,behavior,reject,
w_7ddac0dee9,ашан,medium,brands,core,
w_123c18149a,Баба-яга,medium,technology,core,
w_cfaba39269,бабине літо,medium,nature,core,
w_6ddb24d584,багажна стрічка,medium,travel,core,bagaj
w_6d9774de64,багажний візок,medium,travel,core,bagaj
w_3992d673dd,багатоповерхівка,medium,places,core,
w_01967afdb5,бажання,medium,emotions,reject,
w_9ddbb22c1e,базікання,medium,behavior,reject,
w_0b71529fd5,байка,medium,movies,core,
w_dbea804341,бакалавр,medium,school,core,
w_5dbbf4e0f9,бал,medium,events,core,
w_61c1cba4bb,балада,medium,music,core,
w_6be46c54c7,балакучість,medium,personality,reject,
w_9df4c294da,балик,medium,food,core,
w_643ed1abcc,Бангкок,medium,cities,core,
w_8e5accc3aa,бандеромобіль,medium,transport,core,
w_69f6ffcdfd,банкнота,medium,work,core,
w_dbdf882b34,бар'єр,medium,sports,core,
w_34031017e4,бардачок,medium,transport,core,
w_27edb41bff,барельєф,medium,movies,core,
w_e41ff0b87d,баржа,medium,transport,core,
w_cb1bb0d864,барикада,medium,society,core,
w_74c11f118b,бариста,medium,professions,core,
w_1152305e54,баритон,medium,music,core,
w_3e3a84e084,бароко,medium,history,reject,
w_06564a8e3d,барометр,medium,science,reject,
w_ff5ff53eee,барсетка,medium,clothing,core,
w_ee81b2676e,батарея,medium,home,core,bat
w_ce8c4744bd,баул,medium,travel,core,
w_98ff4885bd,бахіли,medium,clothing,core,
w_0133d3065a,безвихідь,medium,abstract,reject,
w_0949926dcb,беззахисність,medium,emotions,reject,
w_7fdb579c39,безліміт,medium,internet,core,
w_82b9096871,безрозсудність,medium,personality,reject,
w_7371c1df0f,безтактність,medium,behavior,reject,
w_d59236eafa,безтурботність,medium,personality,reject,
w_bb63144ea9,безцеремонність,medium,behavior,reject,
w_e98ad2bcb6,бейдж,medium,work,core,
w_304b62f7b5,бекап,medium,technology,core,
w_cc49741cb5,бенгальський вогонь,medium,holidays,core,
w_3206e33743,бенефіс,medium,events,core,
w_6ac3aaa2f8,бензовоз,medium,transport,core,
w_e174b746db,берці,medium,clothing,core,
w_79990693bb,бетонування,medium,actions,core,
w_4fabe04356,Бєлгород,medium,cities,core,
w_61d8c3e62e,бібліотека,medium,places,core,biblioteka
w_0617ac0ead,бігучий рядок,medium,tv,core,run
w_d239d79389,бій курантів,medium,holidays,core,
w_1b204f8580,біологія,medium,science,reject,
w_165d92b941,біометрія,medium,technology,core,
w_aaf1cdf464,біржа,medium,society,reject,
w_9b0d7cabd8,бісквіт,medium,food,core,
w_0dd390f4ec,благання,medium,behavior,reject,
w_a29c41e940,Благовіщення,medium,holidays,core,
w_923fe89fe4,блазень,medium,people,core,
w_8ddfd69732,блат,medium,behavior,reject,
w_fc7f03fc76,блекджек,medium,games,core,
w_5fe49eaf37,ближнє коло,medium,relationships,core,
w_0a45f710a6,блиск,medium,abstract,reject,
w_30e846679f,бліц-опитування,medium,tv,core,
w_cb7ec075a8,блогер,medium,professions,core,
w_612a732b2f,блокбастер,medium,movies,core,
w_d986a61685,блокування,medium,actions,core,
w_10384cb015,бмв,medium,brands,core,
w_89319b3e45,бобслей,medium,sports,core,
w_faa460aea8,бодібілдер,medium,professions,core,body
w_110dafa968,бойкот,medium,society,reject,
w_0c162a0aaf,бойлер,medium,home,core,
w_8ac1ff70ec,бомбардир,medium,sports,core,
w_6e2970d5a9,бондар,medium,professions,core,
w_b30e24bcb2,бортове харчування,medium,travel,core,
w_759c9912c1,бот,medium,internet,core,
w_310a623ffe,боярин,medium,history,reject,
w_42af45f6fc,брага,medium,drinks,core,
w_541a3f7eb1,брекети,medium,body,core,
w_fd9e0c8fd9,бродіння,medium,actions,core,
w_d415e19c19,брокер,medium,professions,core,
w_a305a6a799,будильник,medium,home,core,
w_09ed4cbb1f,будинок престарілих,medium,places,core,house
w_35c1d11e32,буженина,medium,food,core,
w_643e419e86,буксир,medium,transport,core,
w_e7a83a7a13,бумеранг,medium,games,core,
w_3f55963ed8,бунгало,medium,travel,core,
w_d68475f76c,бунт,medium,events,core,
w_df86148090,бурчання,medium,behavior,reject,
w_0aad6f2064,бурштин,medium,nature,core,
w_106af41c46,бутафорія,medium,movies,core,
w_e0fa257b23,ва-банк,medium,games,core,
w_9a967b9f33,вагова категорія,medium,sports,core,
w_de0fe8445e,важіль,medium,science,reject,
w_7f90b2f6c0,вайбер,medium,brands,core,
w_365cf41f0b,вакуум,medium,science,core,
w_f0a932abe9,вакцина,medium,science,core,
w_a5f009319a,валет,medium,games,core,
w_abb0ef327a,валторна,medium,music,core,
w_a8a50f1131,валюта,medium,work,core,
w_2b8be7dbe6,вандалізм,medium,behavior,core,
w_f10d6c71d2,варвар,medium,history,reject,
w_2fa662506b,васал,medium,history,reject,
w_65dbd5415f,вахта,medium,work,core,
w_e18354b10c,вдівець,medium,family,core,vdova
w_476d15f568,вдова,medium,family,core,vdova
w_282dc2324a,вебінар,medium,internet,core,
w_5101b5afd7,вегетаріанець,medium,people,core,
w_7753a06769,велетень,medium,people,core,
w_a1a694310b,великий вибух,medium,science,core,
w_25e29fb2c5,велич,medium,abstract,reject,
w_df9005250c,велопробіг,medium,events,core,velo
w_a93bb8f88c,вена,medium,body,core,
w_c87d426e3e,вередливість,medium,personality,reject,
w_e3fef83d7d,верифікація,medium,internet,core,
w_5f9f00e6cb,вермут,medium,drinks,core,
w_efd5dece40,вернісаж,medium,events,core,
w_67034fbe17,верстак,medium,tools,core,
w_61b86fd3fd,верф,medium,places,core,
w_40f5ff4546,верховна рада,medium,society,core,
w_721979059d,вестерн,medium,movies,core,
w_737663231f,ветеран,medium,people,core,
w_7efd53f822,ветеринар,medium,professions,core,
w_f7b6f74cbd,взаємовиручка,medium,relationships,reject,
w_f1edaea946,взаєморозуміння,medium,relationships,reject,
w_49390f7908,вибір,medium,abstract,reject,
w_04e18010c2,виверження,medium,events,core,
w_5fb9b010b7,виверт,medium,behavior,reject,
w_44f7e6930a,вигадка,medium,abstract,reject,
w_276528e590,вигнанець,medium,people,core,
w_7f459f1f82,видавець,medium,professions,core,
w_cafae9b81e,видобуток,medium,actions,core,
w_0d18aec5d4,викладач,medium,professions,core,
w_12e535852d,виклик,medium,abstract,reject,
w_96d8917e37,викриття,medium,actions,core,
w_186eaebb73,викуп нареченої,medium,holidays,core,
w_36203c6142,вимагання,medium,actions,core,
w_9307e019c0,вимикач,medium,home,core,
w_9cdc7f1f43,вимирання,medium,science,core,
w_5a2f81bbee,винагорода,medium,abstract,reject,
w_81cd30475a,винахідник,medium,professions,core,
w_0e2c81c57a,винищувач,medium,transport,core,
w_69301307c3,виняток,medium,abstract,reject,
w_aef7c90b63,випадок,medium,abstract,reject,
w_6e4285e756,виправдання,medium,behavior,reject,
w_bd8869d3f1,випробування,medium,actions,core,
w_11b77977ec,вир,medium,nature,core,
w_4aa1366a2e,висівки,medium,food,core,
w_fc6429494c,виснаженість,medium,emotions,reject,
w_72989ca6a8,високий сезон,medium,travel,core,
w_eeae6abc32,виставка,medium,events,core,vystava
w_242d36f7a9,виступ,medium,events,core,
w_4be73f7ddb,витівка,medium,behavior,reject,
w_ee6b1f9733,витонченість,medium,personality,reject,
w_50e4ae3305,витрати,medium,work,core,
w_fc04b27cf6,витримка,medium,personality,reject,
w_79e316f8fa,витяжка,medium,home,core,
w_4c4d911358,вихователь,medium,professions,core,
w_7572f61352,вишибала,medium,professions,core,
w_5283f72c21,відбивна,medium,food,core,
w_0692e8033a,відбійник,medium,transport,core,
w_940dc281d9,відвар,medium,drinks,core,
w_edbef8cf3e,відвертість,medium,personality,reject,
w_729de135f9,відгул,medium,work,core,
w_64341b3ae3,віддалення,medium,relationships,reject,
w_999f5575ef,відеоспостереження,medium,technology,core,
w_cebb9ef782,віджет,medium,internet,core,
w_8a48c91ec7,відкат,medium,behavior,reject,
w_aff13021c4,відкинутість,medium,emotions,reject,
w_fb6b796377,відкритий шлюб,medium,relationships,reject,
w_7b18d562bb,відлинювання,medium,behavior,reject,
w_f637b14c28,відмазка,medium,behavior,reject,
w_1ce9a7be9b,відмивання,medium,actions,core,
w_5c20434b3d,відомість,medium,work,core,
w_1c21b0af9b,відплата,medium,abstract,reject,
w_84d2161c70,відпочинок,medium,travel,core,
w_c4606e5441,відрахування,medium,school,core,
w_0e6c07516f,відставка,medium,society,reject,
w_1463619452,відстороненість,medium,emotions,reject,
w_050ec2d0e0,відчуження,medium,relationships,reject,
w_72498f5365,Візантія,medium,history,reject,
w_6ee1814838,Вільнюс,medium,cities,core,
w_db5d2cba62,вінчання,medium,holidays,core,
w_d57314e9ce,вінчик,medium,home,core,vinok
w_1e59fa08d3,віолончель,medium,music,core,
w_7b9c6a8a1b,віртуальна реальність,medium,technology,core,
w_991a47b408,вітраж,medium,movies,core,
w_d7c638131f,вітрина,medium,home,core,
w_674d396c4a,віч-на-віч,medium,relationships,core,
w_7661a80256,вічність,medium,abstract,reject,
w_ec05236435,вогнище,medium,nature,core,
w_905ceb77df,водафон,medium,brands,core,
w_e73543c839,вододіл,medium,nature,core,
w_0cfcd7dd75,водосховище,medium,places,core,
w_faaec57d6e,возз'єднання,medium,relationships,reject,
w_26373d64e0,вокал,medium,music,core,vokal
w_766364d927,волонтер,medium,people,core,
w_b686041dd7,вольт,medium,science,reject,
w_cebaaa53bf,воля,medium,abstract,reject,
w_351c8c69c4,ворожіння,medium,actions,core,
w_bd7cc6987a,вплив,medium,abstract,reject,
w_ba6802d0dd,враження,medium,abstract,reject,
w_f34f9cd588,вразливість,medium,personality,reject,
w_c08aea64e8,все включено,medium,travel,core,
w_51582bc078,вседозволеність,medium,behavior,reject,
w_7fdab08f69,всесвіт,medium,science,reject,
w_e9516faff4,втрата,medium,abstract,reject,
w_f086beeaba,втручання,medium,behavior,reject,
w_6df9ae381d,вуаль,medium,clothing,core,
w_309f0ffc1e,вуглекислий газ,medium,science,core,
w_f5d6588844,вуглець,medium,science,reject,
w_2e893fe7b3,вульгарність,medium,personality,reject,
w_000e1a151c,гаджет,medium,technology,core,
w_7bcca15681,галактика,medium,science,core,
w_be906b1681,галерея,medium,places,core,
w_65e8cc5728,гальорка,medium,movies,core,
w_dac346b983,галявина,medium,nature,core,
w_fb4bb6456c,гама,medium,music,core,
w_f5b6173028,гамбіт,medium,games,core,
w_0d00f8050d,ганьба,medium,abstract,core,
w_4d05134c86,гармонія,medium,abstract,core,
w_a20aa26aec,гейзер,medium,nature,core,
w_f24fc774ae,Геловін,medium,holidays,core,
w_c33340d4b2,генератор,medium,technology,core,
w_d4fd4d393f,генетика,medium,science,reject,
w_3e922fe12b,геній,medium,people,core,
w_5a8aa1974d,географія,medium,science,reject,
w_12a843a987,геолог,medium,professions,core,geo
w_09f43c67c3,геолокація,medium,internet,core,geo
w_87618245e6,героїзм,medium,personality,core,
w_94019aae6d,герой,medium,people,core,
w_f6f1fc2e6d,гирло,medium,nature,core,
w_09502ac0d1,гібрид,medium,transport,core,
w_0d2baf72e4,гігієна,medium,science,core,
w_978580f67a,гідність,medium,abstract,reject,
w_a93d5c2d02,гідроцикл,medium,transport,core,
w_14b52e4964,гільдія,medium,history,reject,
w_e7eb1a0a70,гімн,medium,music,core,
w_e684113f0e,гінеколог,medium,professions,core,
w_f6451f3596,гіпноз,medium,abstract,core,
w_36e3b5ef83,гіроскоп,medium,technology,core,
w_0618150b02,глазур,medium,food,core,
w_6cd3dd0597,глобальне потепління,medium,science,core,
w_3d203b8e04,глово,medium,brands,core,
w_d6ccdf211b,глушник,medium,transport,core,
w_87bb41a575,глютен,medium,food,core,
w_2c36daf3d1,глядач,medium,people,core,
w_408997f0de,ГМО,medium,science,reject,
w_df5378f9a1,гнітючість,medium,emotions,reject,
w_e8a32176d2,головоломка,medium,games,core,
w_4a76fa447c,Гонконг,medium,cities,core,
w_e4ac85f2b7,гонорар,medium,work,core,
w_a9a6c00197,гонщик,medium,professions,core,
w_f6ff580e37,гордість,medium,emotions,reject,
w_213897bde3,горище,medium,home,core,
w_884a7bcc00,гормон,medium,science,reject,
w_63f74e59d7,госпіталізація,medium,actions,core,
w_921dcb9542,гостина,medium,relationships,reject,
w_79eff9b268,Гостомель,medium,cities,core,
w_b53096acb4,готика,medium,history,reject,
w_d200d2dd99,гравюра,medium,movies,core,
w_bb6491510a,граматика,medium,school,core,
w_223399bed5,грамофон,medium,music,core,
w_0e03745dc9,графин,medium,home,core,
w_edfb621e08,графік,medium,work,core,
w_1f4c34ad86,графіті,medium,movies,core,
w_7dffb47bed,гризун,medium,animals,core,
w_29349acac6,гріх,medium,abstract,reject,
w_13b9b52682,гуакамоле,medium,food,core,
w_d4ae182946,гумор,medium,abstract,reject,
w_aae2ff3229,ГУР,medium,society,core,gur_root
w_e88b0e0c82,гурман,medium,people,core,
w_9ed2b93783,дайвінг,medium,sports,core,
w_1d9c412715,далекобійник,medium,professions,core,
w_ed18d9d478,дань,medium,history,reject,
w_4af5c950c5,дванадцять страв,medium,holidays,core,
w_a31bb8e60b,двійник,medium,people,core,two
w_20186820a0,двомісний номер,medium,travel,core,
w_533d646b4a,дворецький,medium,professions,core,
w_49fa691c6f,двофакторка,medium,internet,core,
w_4988bb42b3,двоюрідна тітка,medium,family,core,cusin
w_2091014847,двоюрідний дядько,medium,family,core,cusin
w_27b2b382c1,дебати,medium,society,reject,
w_3823474ad3,дебош,medium,behavior,reject,
w_a8decf532b,дебют,medium,movies,core,
w_fd019e12d2,дегустатор,medium,professions,core,
w_1ce2df7ba2,дедлайн,medium,work,core,
w_371d5b3273,дезінфекція,medium,science,core,
w_a073a9f7cf,декорація,medium,movies,core,
w_d4cbed7585,декрет,medium,work,core,
w_651b8e9ea9,делікатність,medium,personality,reject,
w_93bc2b9a10,демократія,medium,society,reject,
w_c3eefbcf30,День знань,medium,holidays,core,day
w_afba4c29ce,депозит,medium,work,core,
w_7554594c0d,дерматолог,medium,professions,core,
w_fa1f2ebe91,десантник,medium,professions,core,
w_8984b2f849,детектив,medium,professions,core,
w_e61a855445,дефібрилятор,medium,technology,core,
w_56900a8b15,джекпот,medium,games,core,
w_1aa70c78c1,джентльмен,medium,people,core,
w_0fa5ad7aea,джерело,medium,nature,core,
w_43f1a1324d,джетлег,medium,travel,core,
w_72e2b187c0,дивак,medium,people,core,dyvan
w_197118435c,диво,medium,abstract,core,
w_5fe10f5652,дикобраз,medium,animals,core,
w_b9a8a8158f,диктофон,medium,technology,core,
w_92e5cdbd77,дилема,medium,abstract,reject,
w_7199304fd8,динаміка,medium,abstract,reject,
w_c5cde370c7,династія,medium,history,reject,
w_6fee550906,динозавр,medium,animals,core,
w_e9b161d07b,диплом,medium,school,core,
w_d9820bcdcf,диригент,medium,professions,core,
w_bba1f932fc,дирижабль,medium,transport,core,
w_9e37ecebf1,дирокол,medium,tools,core,
w_77e461f3fa,дисертація,medium,school,core,
w_96af4f8c44,дискета,medium,technology,core,
w_0ad76a80fb,дискомфорт,medium,emotions,reject,
w_1a241a9891,дискусія,medium,relationships,core,
w_42d50f6b70,диспансер,medium,places,core,
w_747c19dc62,дистанція,medium,work,core,
w_ba29a858e2,дисциплінованість,medium,personality,reject,
w_c90a223b04,дитячий будинок,medium,places,core,kid
w_6af5b9035a,діабет,medium,body,core,
w_8412a71277,діагностика,medium,actions,core,
w_0490b14d46,діадема,medium,clothing,core,
w_5081256432,діалог,medium,relationships,core,
w_10ff00bb3c,діамант,medium,nature,core,
w_10d216d75e,діаспора,medium,people,core,
w_40eeed0ab4,дієтолог,medium,professions,core,
w_12feab65bd,діловитість,medium,personality,reject,
w_71070ea99c,довіра,medium,relationships,reject,
w_1d8a9d9ff1,дозиметр,medium,science,core,
w_a47ab09d73,доказ,medium,society,reject,
w_f49e2b3e9f,долина,medium,nature,core,
w_1c9bc474b9,доля,medium,abstract,reject,
w_e94d22cd58,домагання,medium,behavior,reject,
w_3eab55dc8d,домкрат,medium,tools,core,
w_3361cd657d,домовленість,medium,relationships,reject,
w_0632984d08,домофон,medium,technology,core,
w_bb389115de,донат,medium,internet,core,
w_7d183b94f3,Донецьк,medium,cities,core,
w_359494e298,донорство,medium,actions,core,
w_8f58323ff7,донос,medium,behavior,reject,
w_76ff049b72,допит,medium,actions,core,
w_4c1519988e,допінг,medium,sports,core,
w_46b37be8ad,доповідь,medium,school,core,
w_0694b274fd,доповнена реальність,medium,technology,core,
w_548ff1262a,досвід,medium,abstract,reject,
w_dd9fb050a8,дослідник,medium,professions,core,
w_6af1098b8e,досягнення,medium,abstract,reject,
w_661006289d,дохід,medium,work,core,
w_fed0839008,доцент,medium,professions,core,
w_3dab6a8f7f,дракон,medium,animals,core,
w_ee861e959f,драма,medium,movies,core,
w_13a3ddb55f,дратівливість,medium,personality,reject,
w_940db4e3f8,дрес-код,medium,work,core,
w_40634ff914,дрібниця,medium,abstract,core,
w_fe897dc153,дріт,medium,home,core,
w_c34ea25143,дрон,medium,technology,core,
w_155d288c85,другий шанс,medium,relationships,reject,
w_cc813a6d80,дружба з користю,medium,relationships,reject,
w_b2ccb3824f,дружелюбність,medium,personality,reject,
w_2cad1818c4,дублер,medium,people,core,
w_21962f4768,дублянка,medium,clothing,core,
w_98a1aa18ad,дуель,medium,actions,core,
w_2066e544a7,дух,medium,abstract,reject,
w_513712ead1,духовка,medium,home,core,
w_03cd3d1c1d,душа,medium,abstract,core,
w_bcda81ba0f,дюбель,medium,tools,core,
w_8704b82bb7,екзамен,medium,school,core,
w_2359ed975d,екзоскелет,medium,technology,core,
w_92eb36c947,екіпаж,medium,transport,core,
w_0b61707836,екологія,medium,science,reject,
w_dfc04ff772,економіка,medium,society,reject,
w_43b8a56e3a,економія,medium,work,core,
w_c08cba299c,Екофлоу,medium,brands,core,
w_e807d60fc5,ексклюзив,medium,tv,core,
w_f5f395da2c,екскурсія,medium,travel,core,
w_f75ab4f325,експедиція,medium,travel,core,
w_e6a2702e12,експерт,medium,people,core,ekspert
w_17976d6c22,експонат,medium,places,core,
w_f1fc5d2b24,експорт,medium,work,core,ekspert
w_076cce2ea0,екстрене включення,medium,tv,core,
w_d1bc4df647,екстрим,medium,events,core,
w_4b78cccf8c,ексцентричність,medium,personality,reject,
w_eeee34e05d,елеватор,medium,places,core,
w_a2ec72ff3a,елегантність,medium,personality,reject,
w_6482810830,електрика,medium,science,reject,
w_760853e344,еліта,medium,people,core,
w_72746fd48c,ембріон,medium,science,reject,
w_990a7bac23,емоція,medium,emotions,reject,
w_19e9be1d9c,енергія,medium,abstract,core,
w_9ed91fc4a3,енциклопедія,medium,school,core,
w_bdd102b334,епатаж,medium,behavior,reject,
w_5a73875487,епідемія,medium,events,core,
w_ca49585aec,епілог,medium,movies,core,
w_5d75893c53,епоха,medium,history,reject,
w_a58400298d,есе,medium,school,core,
w_c45ecaba75,ескіз,medium,movies,core,
w_13b5f58d3b,естакада,medium,places,core,
w_2ee5d42bae,естафета,medium,sports,core,
w_3665a8ae2d,еталон,medium,abstract,core,
w_42881d7002,етап,medium,abstract,reject,
w_f7bc604912,етюд,medium,music,core,
w_819a7d06f7,ехо,medium,nature,core,
w_0871a3baf6,євробачення,medium,events,core,
w_d1fd9c92f6,євросоюз,medium,society,reject,
w_8c532beba1,єгер,medium,professions,core,
w_5135e1920b,єдинак,medium,family,core,
w_a67d8e0be6,єдиноріг,medium,animals,core,
w_5a57991338,єдність,medium,abstract,core,
w_767ec65736,єпископ,medium,professions,core,
w_4608a7a9da,єхидство,medium,behavior,reject,
w_29c0b4b32a,жага,medium,emotions,reject,
w_3ff6bd2534,жадоба,medium,emotions,reject,
w_5a0c95e0d7,жанр,medium,movies,core,
w_a5b18936ce,жвавість,medium,personality,reject,
w_7f64d8dee6,Женева,medium,cities,core,
w_3b323224b7,жердина,medium,sports,core,
w_1e89ff2fdc,жереб,medium,abstract,core,
w_76e3e9a5ab,жеребкування,medium,games,core,
w_c26534a687,жертва,medium,people,core,
w_0ca10df4a7,жертовність,medium,relationships,reject,
w_d2fbe61195,жест,medium,actions,core,
w_6b68fc3774,жетон,medium,games,core,
w_45a88bb8bb,живопис,medium,movies,core,
w_8377d452fb,Житомир,medium,cities,core,
w_d2cea978a7,жнива,medium,actions,core,
w_8930148581,жокей,medium,professions,core,
w_6688ea822e,жорстокість,medium,personality,reject,
w_aa13f297be,жрець,medium,history,reject,
w_df28029d10,жульництво,medium,behavior,reject,
w_36900c40d3,журі,medium,people,core,
w_1a787a1b96,журналіст,medium,professions,core,jurnal
w_d7c8f67bef,з'їзд,medium,events,core,
w_09ab99b08e,з'ясування стосунків,medium,relationships,reject,
w_a5aabaa52c,забіг,medium,sports,core,
w_c769c91471,забобон,medium,abstract,reject,
w_9b0097277e,забруднення,medium,science,core,
w_127a3c22e5,забування,medium,actions,core,
w_1d6ded4320,заведеність,medium,emotions,reject,
w_166e166e1b,завзятість,medium,personality,reject,
w_ae736d1c68,завмирання,medium,emotions,reject,
w_7a7347b0de,загадка,medium,games,core,
w_b2550d76c8,загроза балістики,medium,events,core,
w_0eb9abae2d,заздрість,medium,emotions,reject,
w_d1b1e20c79,заінтригованість,medium,emotions,reject,
w_b3251eacfb,заїкання,medium,body,core,
w_44fe4bfdba,зайнятість,medium,society,core,
w_e8a466eef2,закадровий голос,medium,tv,core,
w_388ea9253b,закваска,medium,food,core,
w_382b489aaa,заклепочник,medium,tools,core,
w_4fb74f9a38,заклинання,medium,actions,core,
w_096ffe2e36,заклопотаність,medium,emotions,reject,
w_30e9e96e76,закон,medium,society,reject,
w_3fb4d07e65,закрийте небо,medium,society,core,closed
w_63e3ef9225,залагодження,medium,relationships,reject,
w_91007046d6,замах,medium,events,core,
w_81932c5886,замилування,medium,emotions,reject,
w_7d01ef800a,занедбаність,medium,emotions,reject,
w_b869f6582b,занепад,medium,abstract,reject,
w_228880718a,занепокоєння,medium,emotions,reject,
w_9e0dbea590,зануда,medium,people,core,
w_aa2b7b700d,запам'ятовування,medium,actions,core,
w_8d10e705e2,запаморочення,medium,body,core,
w_5a94ac259e,запасний,medium,sports,core,
w_53e0f4a151,заплава,medium,nature,core,
w_5f7bfa928c,заплив,medium,sports,core,
w_37cf2306ce,запобіжник,medium,technology,core,
w_fa93c77a35,запонки,medium,clothing,core,
w_621991f988,Запорозька Січ,medium,history,core,
w_90a316f46b,зара,medium,brands,core,
w_96ee891dd0,заробітчанин,medium,people,core,
w_07b463e986,зарозумілість,medium,personality,reject,
w_2d972e0b96,зарубіжжя,medium,travel,core,
w_0be8b81bfa,засідка,medium,actions,core,
w_328ffaae1f,засліплення,medium,emotions,reject,
w_b81af7ea3a,засновник,medium,people,core,
w_f73e95ac12,застава,medium,work,core,zastava
w_a9be157388,заступництво,medium,relationships,reject,
w_fed54b67ac,затемнення,medium,science,reject,
w_914d3ab7fe,затиснутість,medium,emotions,reject,
w_7c10a1f3cb,захоплення,medium,emotions,reject,
w_a00387ff48,зацикленість,medium,emotions,reject,
w_9300950fd0,зачарування,medium,emotions,core,
w_ccab1974d7,збиток,medium,work,core,
w_df948c1ea3,збіг,medium,abstract,reject,
w_ea451c1a46,збір на Мавік,medium,internet,core,mavic_root
w_db484bc8d9,збірна,medium,sports,core,
w_bfb3f86db9,збудження,medium,emotions,reject,
w_06042b8747,збурення,medium,emotions,reject,
w_1a75a1d9b5,зв'язок,medium,abstract,reject,
w_e0811fc719,зведена сестра,medium,family,core,brat
w_c21aa64666,зведений брат,medium,family,core,brat
w_8ad7b97059,зверхність,medium,personality,reject,
w_70ef14b5b7,звичка,medium,behavior,reject,
w_fed352e0d3,звіт,medium,work,core,
w_8dcb6bc3ff,зволікання,medium,behavior,reject,
w_5e0478ae2a,зволожувач,medium,home,core,
w_7fca0a485c,здібність,medium,personality,reject,
w_54a215b531,здоровий глузд,medium,abstract,reject,
w_d26706dac8,зелений коридор,medium,travel,core,
w_039ea48270,землетрус,medium,nature,core,zemla
w_0197422bc1,землянка,medium,places,core,zemla
w_0cafac5cd1,земноводне,medium,animals,core,
w_9abd32abf7,зеніт,medium,nature,core,
w_aece08e875,зізнання,medium,actions,core,
w_7277238dba,зіниця,medium,body,core,
w_d1586967ce,зламування,medium,actions,core,
w_20901110b6,злорадство,medium,emotions,reject,
w_df27e69eee,змагання,medium,sports,core,
w_ce96e95edd,зміст,medium,abstract,reject,
w_dada9a993c,знаменитість,medium,people,core,
w_8d81cfb2c2,знахар,medium,professions,core,
w_d00a572a3e,знахідка,medium,abstract,reject,
w_34064e31cc,значення,medium,abstract,reject,
w_6f4492dacf,зневага,medium,emotions,reject,
w_156a3923fb,знемога,medium,emotions,reject,
w_f28f53b1d0,знеохочення,medium,emotions,reject,
w_fd13375dbc,знесення,medium,actions,core,
w_7aaf4220a6,зникаючі повідомлення,medium,internet,core,
w_5609b53e22,ЗНО,medium,school,core,
w_0f2aa54d57,знущання,medium,behavior,reject,
w_aa46b1545b,золовка,medium,family,core,
w_6d4bb53f52,золота середина,medium,abstract,core,swamp_gold
w_f33509f0ee,золото,medium,nature,core,swamp_gold
w_5f043794a2,зона відчуження,medium,places,core,
w_1f9b450c2a,зоолог,medium,professions,core,
w_c32d10c133,зрадливість,medium,relationships,reject,
w_cb31bdf6c1,зрілість,medium,personality,reject,
w_0ae869d51e,зсув,medium,nature,core,
w_25b10b03d4,зчеплення,medium,transport,core,
w_f427acd886,іван-чай,medium,drinks,core,ivan
w_4262d9b363,Івано-Франківськ,medium,cities,core,ivan
w_59c187d494,ігровий кубик,medium,games,core,
w_bde1910611,ідеал,medium,abstract,reject,
w_315f03e78c,ізольованість,medium,emotions,reject,
w_b2c6240111,ізолятор,medium,science,core,izolenta
w_17462f9405,ілюзія,medium,abstract,reject,
w_ef72e83b6a,ілюстрація,medium,movies,core,
w_67795fc23a,імідж,medium,work,core,
w_35daa980df,імітація,medium,actions,core,
w_0b1157b927,імперія,medium,history,reject,
w_9fe3491f46,імпорт,medium,work,core,
w_156b377524,імпресіонізм,medium,movies,reject,
w_48964ae676,імпульсивність,medium,personality,reject,
w_356423d2bd,інавгурація,medium,society,core,
w_34befcbeb5,інвентаризація,medium,work,core,
w_f71da34ff3,інвестор,medium,professions,core,
w_14230bbee8,інгредієнт,medium,food,core,
w_4449bf0a6a,індивідуальність,medium,personality,reject,
w_49b5728080,інженер,medium,professions,core,
w_391fb2f262,ініціатива,medium,abstract,reject,
w_3a8e24bad8,інкасатор,medium,professions,core,
w_5c7787b901,інкогніто,medium,internet,core,
w_9bc737e9aa,інкубатор,medium,science,reject,
w_58f58a1d47,інспектор,medium,professions,core,
w_6b30b5ddf3,інструкція,medium,work,core,
w_65e9ecc305,інструмент,medium,tools,core,
w_9b7042c0c9,інтелект,medium,personality,reject,
w_e58e0fd1c9,інтерактив,medium,tv,core,
w_4d36cebece,інтерв'ю,medium,tv,core,
w_0726f20063,інтернет,medium,internet,core,internet
w_1456e780ea,інтерпол,medium,society,reject,
w_5f0a90ffe4,інтрига,medium,behavior,reject,
w_51f3ab3839,інтрижка,medium,relationships,reject,
w_21f621040c,інфекція,medium,science,core,
w_2557bb30bc,іподром,medium,places,core,
w_dc03e69d8b,іпотека,medium,work,core,
w_11a30b366b,ІПСО,medium,internet,core,
w_7977bba78c,іронія,medium,behavior,reject,
w_98ef971fda,істерика,medium,behavior,reject,
w_97e6db0194,історія,medium,history,reject,
w_723ba5c7ba,ймовірність,medium,abstract,reject,
w_7848e6dd50,кабаре,medium,movies,core,
w_b51ba29f60,кабріолет,medium,transport,core,
w_98a9d6f436,кавер,medium,music,core,
w_6974079a6f,кагор,medium,drinks,core,
w_411e716276,казино,medium,places,core,
w_832355f798,казка,medium,movies,core,
w_6b3f5e0903,калорія,medium,science,reject,
w_2228b691b0,кальцій,medium,science,reject,
w_c04223c6dc,камео,medium,movies,core,
w_5682d6515b,камертон,medium,music,core,
w_842fad3727,камуфляж,medium,animals,core,
w_c779aa499a,канцелярія,medium,work,core,
w_d1a51a63c6,капа,medium,sports,core,
w_4be25e7373,капітан,medium,people,core,kapital
w_d2b3e55893,каприз,medium,behavior,reject,
w_bac4225dda,капустник,medium,events,core,
w_a80ebdd26b,капча,medium,technology,core,
w_c30dd838d2,кар'єра,medium,work,core,
w_1b598e1c0f,карабін,medium,tools,core,
w_57f332636a,карантин,medium,society,reject,
w_a8d6db7938,кардинал,medium,professions,core,
w_148f76c58a,кардіолог,medium,professions,core,
w_eb56d627ae,каремат,medium,travel,core,
w_14e72e7069,карикатура,medium,movies,core,
w_23008dc161,карі,medium,food,core,
w_1e98cb305f,карієс,medium,body,core,
w_d512c363f7,карнавал,medium,holidays,core,
w_20ef5893b4,карниз,medium,home,core,
w_3c0f45f9b1,карта скарбів,medium,games,core,
w_8d2473ae3e,картридж,medium,technology,core,
w_582aba029f,катамаран,medium,transport,core,
w_1c26e377e5,катастрофа,medium,events,core,
w_6fc0b7f634,кафедра,medium,school,core,
w_12125acb60,качкодзьоб,medium,animals,core,
w_4e045f860c,кашпо,medium,home,core,
w_9a021ff62f,каюта,medium,travel,core,
w_39d41a3997,квапливість,medium,personality,reject,
w_abbabb779f,квартал,medium,places,core,
w_260f878584,квартет,medium,music,core,
w_5975c2f7b6,квартирник,medium,events,core,
w_26bec434f5,квіз-шоу,medium,tv,core,
w_78da59094c,квота,medium,society,reject,
w_ed981e564f,кеглі,medium,games,core,
w_bef595434d,кепкування,medium,behavior,reject,
w_c4ade8eca2,кешбек,medium,work,core,
w_183c392cfc,Київська Русь,medium,history,reject,
w_a46a6a9d0e,Кирило Буданов,medium,people,core,gur_root
w_65a7b3b46e,кирка,medium,tools,core,
w_7d94a2b7ce,Китайський Новий рік,medium,holidays,core,
w_c1c68eacd6,кібервійсько,medium,internet,core,kiber
w_b467646ba4,кікер,medium,games,core,
w_30c5a706eb,кілометраж,medium,travel,core,
w_91574918c5,кількість,medium,abstract,reject,
w_aab1af8321,кімната сміху,medium,games,core,kimnata
w_ccfff27c10,кінескоп,medium,technology,core,
w_c492572e38,клаксон,medium,transport,core,
w_5f5fdcef17,кларнет,medium,music,core,
w_f844e75af6,класицизм,medium,history,reject,
w_22d6180dbc,класний керівник,medium,school,core,
w_1dc47ad13d,клімат,medium,nature,core,
w_6408c64563,клонування,medium,science,core,
w_6662147877,клоп,medium,animals,core,
w_97fcce6e03,клянчення,medium,behavior,reject,
w_f664a242e3,кмітливість,medium,personality,reject,
w_48f518e240,коворкінг,medium,work,core,
w_366f0eb530,код,medium,technology,core,kod
w_28c824db2a,козаки-розбійники,medium,games,core,
w_33130703a2,козир,medium,games,core,kozyrok
w_1743043853,козирок,medium,clothing,core,kozyrok
w_f4313cad21,кокетство,medium,behavior,reject,
w_ddafbef859,колаж,medium,movies,core,
w_67235df395,колекціонер,medium,people,core,kolekcia
w_a9d65fc508,колекція,medium,work,core,kolekcia
w_398d0a647f,колишні,medium,relationships,reject,
w_d8a6f0d0db,колізей,medium,history,core,
w_fa8551291f,колода карт,medium,games,core,
w_c3ce34df42,коломийка,medium,music,core,
w_bf6594b6a1,колун,medium,tools,core,
w_9e2982b4ce,комаха,medium,animals,core,
w_8a5074cea9,комедія,medium,movies,core,comedy
w_2999ff1715,комета,medium,science,core,
w_76e4e5159b,комісія,medium,society,reject,
w_88ed64bf88,комп'ютер,medium,technology,core,
w_87ba487f74,компакт-диск,medium,technology,core,
w_332c577d9d,компанія,medium,work,core,
w_5f7fe3176e,комплімент,medium,relationships,core,
w_98271b3e9c,компроміс,medium,relationships,reject,
w_406c94fb8e,комуналка,medium,society,reject,
w_d2362d4f62,комунікабельність,medium,personality,reject,
w_9ff42c11dc,конвоювання,medium,actions,core,
w_8c297ec224,кондитер,medium,professions,core,kondyter
w_5b51416d48,кондиціонер,medium,home,core,
w_f0f7cdcd0d,конкістадор,medium,history,reject,
w_1315a748cf,конкуренція,medium,society,reject,
w_4f58902f45,Конотопська відьма,medium,history,core,
w_e88f92458b,консерваторія,medium,places,core,
w_9a10d98cc4,консул,medium,professions,core,
w_c680382a44,консультант,medium,professions,core,
w_4851721dcc,консьєрж,medium,professions,core,
w_0297fad4cc,контекст,medium,abstract,reject,
w_bcaef02bd0,контент,medium,internet,core,
w_d36f54a084,контраст,medium,abstract,reject,
w_a86f6ab024,контратака,medium,sports,core,
w_d566f2d0c6,конференція,medium,events,core,
w_c68535f246,конфіскація,medium,society,core,
w_1df17b37b5,Копенгаген,medium,cities,core,
w_6d333f7dea,коректура,medium,actions,core,
w_43fbd234a4,користь,medium,abstract,reject,
w_c1c31fb3ec,короткозорість,medium,body,core,
w_104accb749,короткометражка,medium,movies,core,
w_877321579c,кортеж,medium,events,core,
w_ac7d5f7f4d,корупція,medium,society,core,
w_7bfe1fe58e,корчма,medium,places,core,
w_6c0936ec20,косар,medium,professions,core,
w_407c789247,космічний зонд,medium,technology,core,astronaut_root
w_9326593d94,космодром,medium,technology,core,astronaut_root
w_b7c8ad396e,космонавт,medium,professions,core,astronaut_root
w_a8eb1cdbd6,костел,medium,places,core,
w_f42b000b5b,косуха,medium,clothing,core,
w_37b461f45a,котельня,medium,places,core,
w_1550f107f2,кошторис,medium,work,core,
w_1f20ece6c6,крадіжка,medium,actions,core,
w_9cb4a5dbd8,крайність,medium,abstract,reject,
w_b31fc7ca6a,красномовство,medium,behavior,reject,
w_2898575740,кратер,medium,nature,core,
w_237bcf64c2,кремінь,medium,nature,core,
w_da333c5807,кремній,medium,science,reject,
w_477422421d,креслення,medium,school,core,
w_8f48c01d56,крещендо,medium,music,core,
w_9c868eb001,Кривий Ріг,medium,cities,core,
w_735ebbe267,кривляння,medium,actions,core,
w_7b3f064927,криза,medium,society,reject,
w_057cb802df,кримінальна хроніка,medium,tv,core,
w_80b8a73c96,кріт,medium,animals,core,
w_104a44c361,кровообіг,medium,science,core,
w_e9e8dfd1c4,крокодил,medium,animals,core,
w_f3f5d17aea,кронштейн,medium,tools,core,
w_b2be73773d,Кропивницький,medium,cities,core,
w_7c0df2c864,круговерть,medium,abstract,reject,
w_8843675188,крутіння обруча,medium,actions,core,
w_d78e272c7d,кубик рубіка,medium,games,core,kubyk
w_87e0f697b1,кузен,medium,family,core,kuzen
w_394ef361c1,кузина,medium,family,core,kuzen
w_a93e53a16e,кукуріку,medium,animals,core,
w_1324b207fd,культура,medium,history,reject,
w_d9b68a83e2,кумівство,medium,behavior,reject,
w_4799dee895,кунжут,medium,food,core,
w_27d6939803,купе,medium,travel,core,
w_5778eb6239,курган,medium,history,reject,
w_086c319315,куркума,medium,food,core,
w_5358c6223e,кусачки,medium,tools,core,
w_654ae89641,кушетка,medium,home,core,
w_8c2830ae74,кфс,medium,brands,core,
w_e0c8df5e8f,лабораторія,medium,places,core,
w_09efa25e52,лавина,medium,nature,core,
w_aef36ced45,лавра,medium,places,core,
w_5601fcea56,лавровий лист,medium,food,core,
w_ced5d5331f,лазер,medium,technology,core,laser
w_261c3dc61f,лазертаг,medium,games,core,laser
w_a0fd55bf33,лайка,medium,relationships,reject,
w_4499539d6e,лаконічність,medium,personality,reject,
w_d61444664d,латина,medium,school,core,
w_19a5032a65,лауреат,medium,people,core,
w_b596767429,легенда,medium,history,core,
w_613f519cd1,легіон,medium,history,reject,
w_554f9115f5,легіонер,medium,sports,core,
w_69eb6e6565,легковажність,medium,personality,reject,
w_0d0e4b33c3,лежачий поліцейський,medium,transport,core,
w_0ba01fdaaa,лекція,medium,school,core,
w_c2a0bd2028,ленд-ліз,medium,history,core,
w_38fb34589b,лижні гонки,medium,sports,core,
w_9044b4e8d5,лиман,medium,nature,core,
w_74cc1ff61b,лицемірство,medium,behavior,reject,
w_33fa30e27e,лідер,medium,people,core,
w_d7c1d8a822,лізинг,medium,work,core,
w_f681a62b8a,лікер,medium,drinks,core,
w_da00c14d85,лінощі,medium,behavior,reject,
w_0293374022,літак Мрія,medium,transport,core,
w_abb24e9a03,література,medium,school,core,
w_fef9fe1e79,ліцей,medium,places,core,
w_7379307343,ліцензія,medium,society,reject,
w_536add4249,логін,medium,internet,core,
w_08eccd799c,логістика,medium,work,core,
w_73410feb80,логопед,medium,professions,core,
w_0e4b66d214,лоджія,medium,home,core,losha
w_aaf238875f,ложа,medium,movies,core,losha
w_4cab9164fb,локдаун,medium,society,reject,
w_8cf863ce15,лоша,medium,animals,core,
w_2070567987,Луганськ,medium,cities,core,
w_90968ae2c0,лунатизм,medium,body,reject,
w_c829513669,Луцьк,medium,cities,core,
w_cba1187661,любов з першого погляду,medium,relationships,core,love
w_3a722cb90f,ляльковий будинок,medium,games,core,
w_ed7acef83d,лящ,medium,animals,core,
w_8067f1e8c6,м'яка іграшка,medium,games,core,
w_e95e9b0ad9,м'ясоїдний,medium,animals,core,meat
w_57b6903514,Мавік,medium,brands,core,mavic_root
w_3285e2b15f,магістр,medium,school,core,
w_706e7e6b9d,магія,medium,abstract,core,
w_c662aae7da,мажор,medium,music,core,
w_521f0cbfbd,майбутнє,medium,abstract,core,
w_dbb7b817f6,майдан,medium,places,core,
w_6487fed9b8,майстер,medium,people,core,master
w_0400a6fab1,майстер-клас,medium,events,core,master
w_31a55de2af,майстерня,medium,places,core,
w_3005cdd98b,макака,medium,animals,core,
w_f0912ace38,макітра,medium,home,core,
w_dbb2ae9a03,максимум,medium,abstract,core,
w_93590e5255,мамалига,medium,food,core,
w_0a61474c2a,мамонт,medium,animals,core,
w_10fb4df210,мандрівник,medium,people,core,mandrivka
w_f85f24e9dc,маневрування,medium,actions,core,
w_1c1aeb01bd,манера,medium,behavior,reject,
w_ebf75601d2,мантія,medium,clothing,core,
w_47ce2f1375,маракаси,medium,music,core,
w_7aa5997524,марафон міста,medium,events,core,
w_1a615acefe,маргарита,medium,drinks,core,
w_a8df7d7f61,маринад,medium,food,core,
w_a544db9d31,маріонетка,medium,games,core,
w_774081da3e,маркетинг,medium,work,core,
w_37721e5bb0,маркетолог,medium,professions,core,
w_4ea3e70a6c,маркетплейс,medium,internet,core,
w_cd9a1ff2b0,марля,medium,body,core,
w_87d65f6465,мармур,medium,nature,core,
w_05739b8f87,маршрут,medium,travel,core,
w_e151372ffc,маскарад,medium,holidays,core,
w_cae84a0049,маскування,medium,actions,core,
w_6e089cf6d7,масть,medium,games,core,
w_eedcb9aa1d,математика,medium,school,core,matka
w_78202772e2,материнська плата,medium,technology,core,matka
w_3dda16debd,маяк,medium,places,core,
w_3e29c210bb,маятник,medium,science,core,
w_e1d22d5725,мегаполіс,medium,places,core,
w_71e8016450,медитація,medium,actions,core,
w_a1451739e1,межа,medium,abstract,reject,
w_c16bf2672c,меланхолія,medium,emotions,reject,
w_ed08637dbc,меморандум,medium,society,reject,
w_e6dca427f9,меморіал,medium,places,core,
w_c9b3e14f40,мерседес,medium,brands,core,
w_9634a71dc3,металошукач,medium,technology,core,
w_2b4d46e782,метеорит,medium,science,core,
w_590d9f5e87,метеоролог,medium,professions,core,
w_909d8260e1,методичка,medium,school,core,
w_f097ad4c82,мечеть,medium,places,core,
w_d6129b386f,милиця,medium,body,core,
w_56c6fa6450,мильна опера,medium,tv,core,
w_15e17f5abd,мильні бульбашки,medium,games,core,
w_accc7434d6,минуле,medium,abstract,core,
w_adc486d04f,митний догляд,medium,travel,core,
w_64a89837fa,мігрень,medium,body,core,
w_27845ac835,мідь,medium,nature,core,
w_f929f8ef19,мікроскоп,medium,science,core,
w_9ecaf428b6,мікрохвильовка,medium,home,core,
w_5d44b5d0bb,мілина,medium,nature,core,
w_71f1639958,мілка,medium,brands,core,
w_f340d59570,мім,medium,professions,core,
w_22df95eca4,мінібар,medium,travel,core,minimum
w_b68d50125c,мінімум,medium,abstract,core,minimum
w_6924b3fb34,мінор,medium,music,core,
w_265acc9703,міра,medium,abstract,reject,
w_245eb2365e,міраж,medium,nature,core,
w_cadaa30c35,міркування,medium,actions,core,
w_ef8a6d2210,містика,medium,abstract,reject,
w_c30e48f02f,місце в проході,medium,travel,core,misce
w_d32a338fb0,міф,medium,history,reject,
w_5a8a91b6ca,млинець,medium,food,core,
w_c6b3b0084d,можливість,medium,abstract,reject,
w_9f7533e595,молитва,medium,actions,core,
w_b19a522c8b,момент,medium,abstract,reject,
w_e0eac1039d,монархія,medium,society,reject,
w_c90b976c0f,монах,medium,professions,core,
w_2d74b3bc02,монокль,medium,clothing,core,
w_0fdcdc7c91,монолог,medium,movies,core,
w_be08f5cd51,мопеди,medium,transport,core,shahed_root
w_6b5fc40cbe,мораль,medium,abstract,reject,
w_d88cd63a8b,морський дрон,medium,technology,core,more
w_7b07c2bb47,мотивація,medium,abstract,reject,
w_d0cf21de54,мотузка,medium,tools,core,
w_012952f8c8,мох,medium,nature,core,
w_11b6a2956b,мохіто,medium,drinks,core,
w_ac3301d2fa,моцарела,medium,food,core,
w_7cca7c0bda,мрійливість,medium,personality,reject,
w_69ab545e14,мряка,medium,nature,core,
w_ebd28504bf,мудрість,medium,personality,reject,
w_09aed709f1,музей,medium,places,core,
w_099b6c48e8,мул,medium,animals,core,
w_641b6b545e,мультиварка,medium,home,core,
w_99ee33abf5,мультифрукт,medium,drinks,core,
w_ef9a5b0985,мурав'їд,medium,animals,core,
w_2a22acd73f,нав'язування,medium,behavior,reject,
w_9f6267c595,навігація,medium,travel,core,navigator
w_27aa60e79a,нагадування,medium,actions,core,
w_f4e11eb899,нагородження,medium,events,core,
w_fc97b85e70,надбавка,medium,work,core,
w_7fd74ec277,надзвичайний стан,medium,society,reject,
w_5e120aae78,надлишок,medium,abstract,reject,
w_d767bb4b72,надлом,medium,emotions,core,
w_42eb8a72cb,надрив,medium,emotions,reject,
w_3cb2cf2ba6,наймання,medium,actions,core,
w_d86d467361,накрутка,medium,internet,core,
w_50aa29bfc5,накрученість,medium,emotions,reject,
w_66dc140a13,наливка,medium,drinks,core,
w_c5c3a8473e,намір,medium,abstract,reject,
w_190825d62b,напарник,medium,people,core,napadnyk
w_3e8a3620a5,напівфабрикат,medium,food,core,
w_6c2ab354a9,нарікання,medium,behavior,reject,
w_435a378ddc,наркоз,medium,body,core,
w_6c899d110a,народний Байрактар,medium,events,core,bayraktar_root
w_b6b8597403,наставляння,medium,actions,core,
w_51ab91bc03,настрій,medium,emotions,reject,
w_4bca2a3217,наступник,medium,people,core,
w_05a3dd1a30,натовп,medium,people,core,
w_d8bbcf6985,натура,medium,personality,reject,
w_25fed9a71b,натхнення,medium,emotions,reject,
w_1d501a4cdf,натюрморт,medium,movies,core,
w_04e450ade1,натяк,medium,behavior,reject,
w_52e9fba0b1,нафта,medium,nature,core,nafta
w_a120618c48,націнка,medium,work,core,
w_4692903f9b,начинка,medium,food,core,
w_8bfd38c0cb,нашивка,medium,clothing,core,
w_9b6f681903,нащадок,medium,family,core,
w_acfbc5d779,невдоволення,medium,emotions,reject,
w_1bbcf81ef9,невидимка,medium,clothing,core,
w_5722be5da5,невідомість,medium,abstract,reject,
w_35343c5703,невролог,medium,professions,core,
w_8d512d1b57,недбалість,medium,personality,reject,
w_152490002f,недолік,medium,abstract,reject,
w_31757aedd8,недоторканність,medium,society,reject,
w_d074de7e11,неофіційний шлюб,medium,relationships,reject,
w_75aae004a1,непокора,medium,behavior,reject,
w_ada532e193,непорозуміння,medium,relationships,reject,
w_51ebdd72ae,непосидючість,medium,personality,reject,
w_a537d28423,непохитність,medium,personality,reject,
w_2cf512da3f,неприйняття,medium,emotions,reject,
w_dbcba47a38,Нептун,medium,technology,core,
w_279d793d03,нерест,medium,animals,core,
w_a7d3a0222c,несамовитість,medium,emotions,reject,
w_05baa96022,нескафе,medium,brands,core,
w_f88c58bd48,нестача,medium,abstract,reject,
w_7bbae2d2b4,нетфлікс,medium,brands,core,
w_0eb737369e,ниття,medium,behavior,reject,
w_238274f55d,німецька,medium,school,core,
w_3b89cbad53,нісенітниця,medium,abstract,reject,
w_71f8c0ab15,нічліг,medium,travel,core,
w_a31c8b14fa,нічнушка,medium,clothing,core,
w_665ca377d2,новорічне звернення,medium,holidays,core,ny
w_ac8203d2e9,нокаут,medium,sports,core,
w_f6dea9fa2b,нокдаун,medium,sports,core,
w_bbfc06db90,номер люкс,medium,travel,core,
w_acbe6a7e99,норка,medium,animals,core,norm
w_7fdbc96c53,норма,medium,abstract,core,norm
w_54e648e97a,нотаріус,medium,professions,core,
w_2bdb3f2abd,нотація,medium,behavior,reject,
w_33e104d82f,нудота,medium,body,core,
w_2c8c0afd4c,нут,medium,food,core,
w_eec5f10ec8,нутрія,medium,animals,core,
w_b1c44c6acb,нюанс,medium,abstract,reject,
w_55adc2aa14,об'єктив,medium,technology,core,
w_989fb4b149,обеліск,medium,history,reject,
w_4981e8eb01,обережність,medium,personality,reject,
w_b5fbfda649,обіцянка,medium,relationships,reject,
w_6068794654,облава,medium,events,core,
w_f59dca117c,облога,medium,actions,core,
w_5e8641ce72,обмеженість,medium,personality,reject,
w_8300d177c3,обмін речовин,medium,science,reject,
w_f0fba73f5b,образа,medium,emotions,reject,
w_9c8ef36474,обрив,medium,nature,core,
w_3c46824c79,обробна дошка,medium,home,core,
w_5990b45219,обслуговування,medium,actions,core,
w_60d4b63892,обставина,medium,abstract,reject,
w_72f1281122,обурення,medium,emotions,reject,
w_64d18ed5be,обшук,medium,society,core,
w_e1cf2798c6,оглядини,medium,relationships,reject,
w_ccf28df103,одержимість,medium,emotions,core,
w_c9f26bc847,одкровення,medium,relationships,reject,
w_02fe4524b0,однофамілець,medium,people,core,
w_b66fda10ea,одруження,medium,relationships,reject,
w_a591bfaa8d,озонова діра,medium,science,reject,
w_600862a049,океанаріум,medium,places,core,
w_c0316368c9,окко,medium,brands,core,
w_2fdd55c080,окраїна,medium,places,core,
w_d95911cce5,оксамитовий сезон,medium,travel,core,
w_470cf29ab7,окуліст,medium,professions,core,
w_9165838710,олімпіада,medium,sports,core,
w_8164340b50,омар,medium,animals,core,
w_07d0b01856,опенспейс,medium,work,core,
w_d8b9926fe3,оперативка,medium,technology,core,
w_caaa6a50a8,оператор,medium,professions,core,
w_48aacffba5,операція,medium,actions,core,
w_7432a0679b,опікун,medium,family,core,
w_683983efdb,оплески,medium,movies,core,
w_2c5de182ee,опт,medium,work,core,
w_3fc856b2c7,оптоволокно,medium,technology,core,
w_b0399717d6,оранжерея,medium,places,core,
w_0245350dd0,оратор,medium,people,core,
w_6f9fe6cae2,орбіта,medium,science,reject,
w_770b6b76e1,оригінал,medium,abstract,reject,
w_4272eb1cfd,оркестр,medium,music,core,
w_2e1bbd9f29,ортопед,medium,professions,core,
w_71b9875d5e,орфографія,medium,school,core,
w_0efb9988a1,оскар,medium,movies,core,
w_498703285a,оскарження,medium,actions,core,
w_0636828b35,основа,medium,abstract,reject,
w_7e14020acb,особистий простір,medium,relationships,core,osobystyi
w_f5acbf9c6f,особисті повідомлення,medium,internet,core,osobystyi
w_679179b821,осяяння,medium,abstract,reject,
w_d4fa0c05d8,оточення,medium,actions,core,
w_8a280c3713,оформлення,medium,actions,core,
w_3fbbb49fdd,офсайд,medium,sports,core,
w_b3e0925aa9,охолодження почуттів,medium,relationships,reject,
w_f5f14ec1f6,ощадбанк,medium,brands,core,
w_84aad623cc,п'єса,medium,movies,core,
w_52f5ef8de6,п'яниця,medium,people,core,friday
w_8de6316b83,павільйон,medium,places,core,
w_6ddc672115,пакман,medium,games,core,
w_08297e2717,палітра,medium,movies,core,
w_e7b8991541,палкість,medium,emotions,reject,
w_82dfd8d0f1,паломництво,medium,travel,core,
w_2f8fc70b4f,палуба,medium,transport,core,
w_3f0074682d,пам'ятник,medium,history,reject,
w_c336f6774b,пам'ять,medium,abstract,reject,
w_d0c6144edc,панібратство,medium,behavior,reject,
w_ab0beffaa5,панірування,medium,food,core,
w_c6a4d43871,парад,medium,events,core,
w_f86bd85c72,паразит,medium,animals,core,
w_217b4b2bfd,парі,medium,actions,core,
w_0654e5c79c,паркет,medium,home,core,parkuvanna
w_4fdea2c5a0,пармезан,medium,food,core,
w_5a973c6382,парниковий ефект,medium,science,reject,
w_80c2489328,пародія,medium,movies,core,
w_5670b4358a,пароль,medium,internet,core,
w_2d92e86c1d,партизан,medium,people,core,
w_7433e4cd42,партнерство,medium,relationships,reject,
w_a5e8074acb,парфумер,medium,professions,core,
w_3d733d4060,пасивність,medium,personality,reject,
w_ccab3b1c8b,пастор,medium,professions,core,
w_2c8c6e0666,пасьянс,medium,games,core,
w_5ee6ab55b8,патент,medium,society,reject,
w_58ef1f8f6f,патріот,medium,people,core,
w_b8fbfbea04,патріотизм,medium,society,reject,
w_e4e8994568,патрулювання,medium,actions,core,
w_a7b06486b3,паяльник,medium,tools,core,
w_539e785801,педантичність,medium,personality,reject,
w_281a56e9d4,пейджер,medium,technology,core,
w_95d9a365b3,пейзаж,medium,movies,core,
w_b437f83437,пергамент,medium,history,reject,
w_59ce706986,перебіг,medium,abstract,reject,
w_d39aac5faa,перебільшення,medium,behavior,reject,
w_4b05b330ef,перевірка,medium,actions,core,
w_2f078e3f51,переговори,medium,society,reject,
w_99d37ae8a6,перегородка,medium,home,core,
w_d814b6c4d3,передбачення,medium,abstract,reject,
w_ad9862ce34,передчуття,medium,emotions,reject,
w_5963738a1a,перездача,medium,school,core,
w_7b67d9520e,перекладина,medium,sports,core,
w_5948ed9cbc,перекличка,medium,school,core,
w_70158ee3d2,переконання,medium,abstract,reject,
w_08d3785d5c,переконування,medium,actions,core,
w_65e5f7a133,переливання,medium,actions,core,
w_124a1150d1,перемир'я,medium,society,reject,
w_9bb5a503a8,перемога,medium,abstract,reject,
w_4ea1af5765,переслідування,medium,behavior,reject,
w_3ce3016fcc,перехідник,medium,technology,core,
w_600ae74d56,перехрестя,medium,places,core,
w_db56933dab,перешкода,medium,abstract,core,
w_513a432d42,період,medium,abstract,reject,
w_ebacbd09e1,перловка,medium,food,core,
w_c7097ad9a4,перфекціоніст,medium,people,core,
w_1a5b7209c7,перфоратор,medium,tools,core,
w_f41a09c39a,перформанс,medium,events,core,
w_ff00253386,перша лінія,medium,travel,core,first
w_c43711df7e,першокурсник,medium,people,core,class
w_18209a2c08,песто,medium,food,core,
w_97a82e9dce,петиція,medium,society,reject,
w_e30aa96866,пилка,medium,tools,core,
w_86bc96ff7c,пилосос,medium,home,core,
w_e9ab5f0aef,пиття,medium,actions,core,
w_ff9bbaf0b9,піар,medium,work,core,
w_dc9d7f51cc,північне сяйво,medium,nature,core,pivnich
w_a0fecfaeca,півставки,medium,work,core,
w_6fc160aa3f,півфінал,medium,sports,core,
w_4a82337652,підвал,medium,home,core,
w_9b47be117f,підвищення,medium,work,core,
w_21c89c26ed,підвох,medium,behavior,reject,
w_3f9b274db2,підкидання монети,medium,actions,core,
w_ebe49d7c0c,підкладка,medium,clothing,core,
w_592c1b4aa2,підкуп,medium,actions,core,
w_f60f668cb5,підлабузництво,medium,behavior,reject,
w_af5cced8c1,підлива,medium,food,core,pidlyva
w_76b0d369da,підлиза,medium,people,core,pidlyva
w_e2c225466f,підлість,medium,personality,reject,
w_8a88105859,підмова,medium,behavior,reject,
w_43f7cb9091,підозрюваний,medium,people,core,
w_0b462237f7,підопічний,medium,family,core,
w_6cd95cbf62,підписка,medium,internet,core,
w_01d5cd7d30,підприємець,medium,professions,core,
w_571bfd1451,підробка,medium,society,reject,
w_0d6061bb36,підряд,medium,work,core,
w_4e8f65ac01,підслуховування,medium,actions,core,
w_622f534c00,підстава,medium,behavior,reject,
w_b9adb0b2c0,підступність,medium,personality,reject,
w_a44a19889f,підтекст,medium,abstract,reject,
w_e4ea9bb66e,підхід,medium,abstract,reject,
w_6521a75571,пікап,medium,transport,core,
w_f24991fdf6,піксель,medium,technology,core,
w_edfbe790a0,пілатес,medium,sports,core,
w_6c5912a974,піна колада,medium,drinks,core,
w_1e0fe71444,пінцет,medium,tools,core,
w_4d2ecfffac,піньята,medium,games,core,
w_7cc06c24f6,піпетка,medium,science,core,
w_50ddff7f12,піст,medium,holidays,core,
w_c3f050c3b9,пішак,medium,games,core,
w_194bc01ac5,плавець,medium,professions,core,
w_e5152385dc,плагін,medium,internet,core,
w_3796bad31e,планета,medium,science,core,planeta
w_d57e8cf131,пластик,medium,science,reject,
w_872300abf1,плац,medium,places,core,
w_7258fecf35,плацебо,medium,science,core,
w_d7e6a3bee6,плацкарт,medium,travel,core,
w_d437032288,плей-оф,medium,sports,core,
w_b15f0c005f,плейстейшн,medium,brands,core,
w_57caede5e1,плита,medium,home,core,
w_7a1dff7670,плиточник,medium,professions,core,
w_eba2ff0526,плінтус,medium,home,core,
w_3e5d24b944,пломба,medium,body,core,
w_35d97e659b,плутанина,medium,abstract,reject,
w_0d3c12bf12,поблажка,medium,relationships,reject,
w_c9dba1c465,побратим,medium,family,core,
w_c5497a9af1,повага,medium,relationships,reject,
w_c7df8b5772,повернення,medium,actions,core,
w_734213bd31,повільність,medium,personality,reject,
w_001ac148cd,повість,medium,movies,core,
w_94633d5da0,поворотник,medium,transport,core,
w_94a49f9156,повстання,medium,history,core,
w_02323b64e7,пограбування,medium,actions,core,
w_e7999dafe9,подарунковий сертифікат,medium,holidays,core,
w_f657a90bb9,поезія,medium,school,core,
w_c8a82b79fe,позерство,medium,behavior,reject,
w_255954e3cc,позов,medium,society,reject,
w_0ea41270c6,покер,medium,games,core,
w_9752ce4005,покоївка,medium,professions,core,
w_7a7db48c53,покоління,medium,people,core,
w_d10a5e8cf0,поліклініка,medium,places,core,
w_5fb13c11a4,пологовий будинок,medium,places,core,
w_779eecb86b,полотно,medium,movies,core,
w_ba8627d6ec,полька,medium,music,core,
w_cf979752bb,полюс,medium,nature,core,
w_27dc1501a0,помилування,medium,society,reject,
w_cedd3a9112,поміркованість,medium,personality,reject,
w_5a5d906612,помста,medium,actions,core,
w_c697951ba8,пониження,medium,work,core,
w_beaf113113,понти,medium,behavior,core,
w_14b99094eb,поняття,medium,abstract,reject,
w_dc148bd72b,попередження,medium,actions,core,
w_5e4744b791,популяція,medium,science,reject,
w_199e1c8a1b,порада,medium,relationships,reject,
w_f7b7e0116d,порив,medium,emotions,reject,
w_1eb4302379,порівняння,medium,actions,core,
w_19efacde3e,порода,medium,animals,core,
w_f8b9153dcb,порожнеча,medium,abstract,reject,
w_2fc3d3a4fb,портрет,medium,movies,core,
w_b33e21c517,порядок,medium,abstract,core,
w_3bb3283542,посадковий талон,medium,travel,core,
w_8a337741f2,посвідчення,medium,society,core,
w_d3f7de6655,посвята,medium,events,core,
w_f6e130b910,посередник,medium,people,core,
w_62e02cb378,посередництво,medium,relationships,reject,
w_2f0b0a65ef,посиденьки,medium,relationships,core,
w_503e16813e,посівання,medium,holidays,core,
w_4dd1678019,послідовність,medium,personality,reject,
w_87585a1b2b,постачання,medium,work,core,
w_a4737f7a3b,поступка,medium,relationships,reject,
w_538e50ed05,потворність,medium,abstract,reject,
w_6ce8cbdf7d,потіха,medium,emotions,reject,
w_24475492e3,потреба,medium,abstract,reject,
w_131c981786,пофігізм,medium,personality,core,
w_3ce0655e84,похмурість,medium,personality,reject,
w_e443e35cdd,похресниця,medium,family,core,
w_eced78acb5,прабабуся,medium,family,core,
w_a6df337cab,правнук,medium,family,core,
w_114284f545,правознавство,medium,school,core,
w_bdfdfb74cf,прагматичність,medium,personality,reject,
w_647bb3aa2b,прайм-тайм,medium,tv,core,
w_3306c1a2a8,практика,medium,school,core,
w_971414feda,праска,medium,home,core,praska
w_d3f45465cb,прасувальна дошка,medium,home,core,praska
w_4da359a9c8,предок,medium,family,core,
w_5fd836b688,пресинг,medium,sports,core,
w_45dbabad39,претензія,medium,work,core,
w_b1a317089e,прибуток,medium,work,core,
w_cb6995a5e8,прив'язаність,medium,relationships,reject,
w_57c602c200,привід,medium,abstract,reject,
w_fb9a6c7858,приворот,medium,relationships,reject,
w_cd74ab2bcc,пригніченість,medium,emotions,reject,
w_23d1cdcb1c,пригода,medium,travel,core,
w_7d273a0bbc,придане,medium,relationships,reject,
w_a6bb0e9653,приземленість,medium,personality,reject,
w_16fb8c178d,призначення,medium,actions,core,
w_6898636cf2,приказка,medium,school,core,
w_d930f30367,прикмета,medium,abstract,reject,
w_3beee81194,прикметник,medium,school,core,
w_545aa025f9,приліт,medium,events,core,
w_7c107ca805,применшення,medium,behavior,reject,
w_cea080ed95,приниження,medium,relationships,reject,
w_88a614131f,приплив,medium,nature,core,
w_a0cbff0fe7,природний добір,medium,science,reject,
w_cedb145e0a,прискіпування,medium,behavior,reject,
w_6ed9ff78ee,прискорення,medium,science,reject,
w_28360f3329,прислів'я,medium,school,core,
w_b6f5993310,присяга,medium,events,core,
w_e68ffd56ce,присяжний,medium,people,core,
w_049c79f7c6,притирання,medium,relationships,reject,
w_09cd7c8f28,притулок,medium,places,core,
w_536bbe6ec9,прихильність,medium,relationships,reject,
w_9253e0a555,прихована камера,medium,tv,core,
w_f6b79cc894,причастя,medium,actions,core,
w_3847557aeb,пріоритет,medium,abstract,reject,
w_3031e09dc8,проблема,medium,abstract,reject,
w_8789a08f80,пробний шлюб,medium,relationships,reject,
w_bd1be4cdb1,провал,medium,abstract,reject,
w_085c9e87a5,провідник,medium,professions,core,
w_94440d523b,провінція,medium,places,core,
w_53d7bc65ea,провокація,medium,behavior,reject,
w_d5d5fa4056,прогрес,medium,abstract,reject,
w_09a2461ae0,продюсер,medium,professions,core,
w_86c2697849,прожарка,medium,food,core,
w_0263d429f0,прокуратура,medium,society,reject,
w_f09485af44,прокурор,medium,professions,core,
w_6f74f52ed1,пролог,medium,movies,core,
w_26a0176418,промзона,medium,places,core,
w_23a71dd4ba,проміжок,medium,abstract,reject,
w_1f0b73d6d5,проникливість,medium,personality,reject,
w_8e5905b769,пропаганда,medium,society,reject,
w_0ca3cc0602,пропелер,medium,transport,core,
w_6a76c19a2a,проповідь,medium,actions,core,
w_c5e8d979bf,пропозиція шлюбу,medium,relationships,core,
w_a43d806f30,прорив,medium,actions,core,
w_165f0e5eaa,пророк,medium,people,core,
w_0aa297bdba,простір,medium,abstract,reject,
w_55dd9ecfeb,простота,medium,abstract,reject,
w_cfb68838fc,протекція,medium,behavior,reject,
w_618ba92968,протилежність,medium,abstract,reject,
w_8983d0f7be,протиріччя,medium,abstract,reject,
w_33ef7ffd57,протистояння,medium,relationships,reject,
w_3679bdac3a,прощення,medium,relationships,reject,
w_6e0832edaa,пряжка,medium,clothing,core,
w_61ef0ce99f,пряма лінія,medium,tv,core,prama
w_8ab0545086,прямолінійність,medium,personality,reject,
w_87edbe87cd,психологія,medium,science,reject,
w_354aebdc73,пуголовок,medium,animals,core,
w_a7856fa01c,пудинг,medium,food,core,
w_89d91e0a7e,пульт,medium,home,core,pult
w_318f7a08bb,радар,medium,technology,core,
w_f7258fb6b3,радіація,medium,science,reject,
w_161431c395,ракета,medium,technology,core,raketa
w_8b0508b07a,ракурс,medium,movies,core,
w_8aa610e868,Рамадан,medium,holidays,core,
w_895ba01985,рампа,medium,movies,core,ramka
w_6227851eaa,ранній заїзд,medium,travel,core,
w_ca19ac688c,рапіра,medium,sports,core,
w_ef66cb6353,рація,medium,technology,core,
w_ca8a38ff81,реактор,medium,science,reject,
w_2569bce36e,реальність,medium,abstract,reject,
w_c339a2189d,реанімація,medium,actions,core,
w_2e13adf601,ребус,medium,games,core,
w_defa1e5247,реванш,medium,games,core,
w_918c0fa92b,ревізія,medium,actions,core,
w_7aec690fe4,ревнощі,medium,emotions,reject,
w_d2a34ed90b,революція,medium,history,reject,
w_cdbf7621e6,регенерація,medium,science,core,
w_6055ba3d58,реґі,medium,music,core,
w_b112fb22fe,редактор,medium,professions,core,
w_52ab943ce4,режисер,medium,professions,core,
w_85eb9b7844,резиденція,medium,places,core,
w_24ea152396,рейд,medium,events,core,
w_c9f3cbe1a6,рейтинг,medium,tv,core,
w_c865fe3333,реквієм,medium,music,core,
w_498a54d19c,рекомендація,medium,actions,core,
w_e616f40d9e,реліквія,medium,history,reject,
w_8a953d75f7,ремейк,medium,movies,core,
w_81f047f1d7,ремінь безпеки,medium,transport,core,
w_ca044a228f,ренесанс,medium,history,reject,
w_18daf246ff,рентген,medium,body,core,
w_3db4b278fe,репертуар,medium,movies,core,
w_3792ac0474,репетиція,medium,movies,core,
w_6e169723ab,рептилія,medium,animals,core,
w_527f42d4d7,репутація,medium,relationships,reject,
w_66ae02fea0,ресепшн,medium,travel,core,
w_65270c2387,реслінг,medium,sports,core,
w_9a161dc115,ресторан,medium,places,core,
w_83d842b97f,ретельність,medium,personality,reject,
w_dbed3c3ae1,рефлекс,medium,body,core,
w_3ea382b11d,реформа,medium,society,reject,
w_b78d105859,рецензування,medium,actions,core,
w_26e163ebf9,рецепція,medium,work,core,
w_7495514a4e,речення,medium,school,core,
w_b7158e32a3,Рига,medium,cities,core,
w_64ed4bcfa3,ризик,medium,abstract,reject,
w_a2672872b3,ритуал,medium,events,core,
w_d4682b3814,риф,medium,nature,core,
w_719e151c65,рівновага,medium,abstract,core,
w_749e3853f8,рівнодення,medium,nature,core,
w_aeec26f239,рієлтор,medium,professions,core,
w_5be9afb263,різкість,medium,personality,reject,
w_99b0d491f3,рішення,medium,abstract,reject,
w_f69f79c642,робот,medium,technology,core,robot
w_778aeb9ccd,робота ППО,medium,events,core,ppo_root
w_7c3bb56635,робочий стіл,medium,technology,core,
w_fc186adc52,ровесник,medium,people,core,
w_a0cc2b74ee,родовід,medium,family,core,
w_e03092f3f4,розбіжність,medium,abstract,reject,
w_a7776c31f7,розвиток,medium,abstract,reject,
w_c9ea5e6fec,розвідка,medium,actions,core,
w_67a1d50766,розгубленість,medium,emotions,reject,
w_c1dca15d5f,роздвоєність,medium,emotions,reject,
w_cebccf1677,роздратування,medium,emotions,reject,
w_6cb415ca0a,роздріб,medium,work,core,
w_3a0fec83bd,розетка,medium,home,core,
w_b42411d93e,розіграш,medium,actions,core,
w_21b4e55a6a,розкол,medium,relationships,reject,
w_aae5c78e6d,розкутість,medium,personality,reject,
w_27fadf496b,розлад,medium,relationships,reject,
w_299f3d84fb,розмова по душах,medium,relationships,core,
w_e88a4e61ac,розпач,medium,emotions,reject,
w_31d0ba49b1,розпитування,medium,relationships,reject,
w_0da9f67b6d,розпушувач,medium,food,core,
w_9d6acbbedf,розсилка,medium,internet,core,
w_14cfdc912a,розсіл,medium,food,core,
w_2b7d9d29a1,розсіяність,medium,personality,reject,
w_8124641da8,розслідування,medium,actions,core,
w_f0a3d2b82d,розстрочка,medium,work,core,
w_48f01a35ec,розтяжка,medium,actions,core,
w_52f80a1a42,розуміння,medium,abstract,reject,
w_0696e2de8a,розумний дім,medium,technology,core,
w_aa499c1186,розходження,medium,relationships,reject,
w_00ef94f83a,розчісування,medium,actions,core,
w_483ea1ecf8,розшук,medium,society,reject,
w_cab58492eb,рокіровка,medium,games,core,
w_43b9cf02f9,ролета,medium,home,core,
w_21a36feb0e,ролики,medium,sports,core,
w_2c25904c90,роман,medium,movies,core,
w_ef9067f1dc,роумінг,medium,technology,core,
w_157cef9627,ртуть,medium,science,reject,
w_3b964da970,рубін,medium,nature,core,
w_223d52f138,руда,medium,nature,core,
w_5d90fb5d33,рум-сервіс,medium,travel,core,
w_cdb9005426,руни,medium,history,reject,
w_afd21f2a8b,русло,medium,nature,core,
w_a24b87d633,рутина,medium,behavior,reject,
w_e10913b8da,ручник,medium,transport,core,
w_47891f90bb,рятувальник,medium,professions,core,
w_c08dac492e,саботаж,medium,behavior,reject,
w_cdcc98b1dd,савана,medium,nature,core,
w_55deee3789,саквояж,medium,travel,core,
w_641230c684,саке,medium,drinks,core,
w_4cf2dd1fef,саламандра,medium,animals,core,
w_cb01b863ef,самбо,medium,sports,core,
w_d74855e620,самець,medium,animals,core,samec
w_3a863f7ca6,самка,medium,animals,core,samec
w_d9f75752cd,самовар,medium,home,core,
w_7ade4ef35c,самодостатність,medium,personality,reject,
w_0153a33a46,самозванець,medium,people,core,
w_ed79562a45,самоконтроль,medium,personality,reject,
w_3e42ecbf43,самолюбування,medium,emotions,reject,
w_e2e4ee00af,самоскид,medium,transport,core,
w_0af3e6e132,самурай,medium,history,core,
w_51b1a5534f,сапер,medium,professions,core,
w_0f7106679d,сапсан,medium,animals,core,
w_2b5a4ad409,сапфір,medium,nature,core,
w_b05410c754,сарказм,medium,behavior,reject,
w_5bcde23b24,сатира,medium,movies,core,
w_bb67b77005,сауна,medium,places,core,
w_f13e76f491,сачкування,medium,behavior,reject,
w_d21037800d,свавілля,medium,behavior,reject,
w_9eca333656,сватання,medium,actions,core,swat
w_018b562dc7,свинець,medium,science,core,
w_01b7eb1aeb,свідомість,medium,abstract,reject,
w_228c0c4830,світлодіод,medium,technology,core,
w_37feaf3fa5,світогляд,medium,abstract,reject,
w_509b2236ed,світська хроніка,medium,tv,core,
w_631b2715f4,своячка,medium,family,core,
w_b0ec7e9149,Святий вечір,medium,holidays,core,party
w_e1156f8e1a,Святий Миколай,medium,holidays,core,party
w_aa10f65829,святковий ковпак,medium,holidays,core,party
w_ca0217381e,святковий стіл,medium,holidays,core,party
w_ee2eb9de76,святкування,medium,actions,core,party
w_ceb1acee7d,свячена вода,medium,holidays,core,
w_fc8c21911d,сейв,medium,sports,core,
w_747bbcc8a1,секрет,medium,abstract,reject,
w_78a26916be,секта,medium,people,core,
w_6f2e3691d1,селезінка,medium,body,core,
w_ed3b7d22b8,селфі-палка,medium,technology,core,
w_38461de264,семестр,medium,school,core,
w_5f7784392b,сенс життя,medium,abstract,reject,
w_c475544c6b,сентиментальність,medium,personality,reject,
w_073874b143,сервант,medium,home,core,
w_eca3a69ad1,середньовіччя,medium,history,reject,
w_26b9b113b1,серйозність,medium,personality,reject,
w_574228a1d8,серп,medium,tools,core,
w_30f53a41e6,серпантин,medium,holidays,core,
w_3d430c3450,сесія,medium,school,core,
w_0375ea1bbd,Сеул,medium,cities,core,
w_5d787b8ce2,сиквел,medium,movies,core,
w_0211cdd862,сила тяжіння,medium,science,core,
w_be42a37275,силует,medium,movies,core,
w_2300432598,символ,medium,history,reject,
w_c2a7655f73,симпатія,medium,emotions,reject,
w_19585d85c7,симуляція,medium,behavior,reject,
w_4e85c5e889,симфонія,medium,music,core,
w_403a086736,синій екран,medium,technology,core,blue
w_fd814773ce,синонім,medium,school,core,
w_5c96c91f8e,синтезатор,medium,music,core,
w_439615fc6d,сироватка,medium,drinks,core,
w_a5d701680d,системний блок,medium,technology,core,
w_7f2736d775,сито,medium,home,core,
w_3a23118ef1,ситуація,medium,abstract,reject,
w_e33697802a,сич,medium,animals,core,
w_1bef7622ec,сільничка,medium,home,core,
w_adb782febf,сільрада,medium,places,core,
w_ce438ec3ba,Сімферополь,medium,cities,core,
w_e37ef4bb6b,Сінгапур,medium,cities,core,
w_bb9d61378d,сірка,medium,science,reject,
w_71aa32ea17,сіяння,medium,actions,core,
w_5ae1dfd2e7,скам'янілість,medium,science,reject,
w_cf65992869,скандал,medium,behavior,reject,
w_c0d874983a,скарабей,medium,animals,core,
w_d514e30c73,скарга,medium,behavior,reject,
w_5283a27359,скасування,medium,travel,core,
w_995039047e,скат,medium,animals,core,
w_276e0903e8,сквош,medium,sports,core,
w_dd951148ae,скелелазіння,medium,sports,core,
w_4e781065f8,скіфи,medium,history,reject,
w_2611fd6f00,склодув,medium,professions,core,
w_3b437ca135,скляр,medium,professions,core,
w_441b6a9a99,скоба,medium,tools,core,
w_64012b3afc,скорбота,medium,emotions,reject,
w_edcf6f52fc,скороварка,medium,home,core,
w_f1d2a46982,скоромовка,medium,school,core,
w_826deb7827,скорочення,medium,work,core,
w_0a19138b82,скребок,medium,tools,core,
w_37147fdeeb,скрипаль,medium,professions,core,
w_f89da27c01,скритність,medium,personality,reject,
w_0b54af1b8e,скромність,medium,personality,core,
w_ae1d09910b,скрупульозність,medium,personality,reject,
w_77953120ba,скульптор,medium,professions,core,sculptor_root
w_05be16bd00,скутість,medium,personality,reject,
w_6e62cccf6d,слава,medium,abstract,reject,
w_3417432cb2,слайм,medium,games,core,
w_cd77048171,слідство,medium,society,reject,
w_290cb15e39,слідчий,medium,professions,core,
w_0aff7ea7d2,сліпе побачення,medium,relationships,core,blind
w_cf13cdb6cf,сліпе прослуховування,medium,tv,core,blind
w_6068d754be,слово честі,medium,relationships,reject,
w_eddd0c24a1,службовий роман,medium,relationships,core,
w_0439bbceb5,слюсар,medium,professions,core,
w_943bdccadc,смарагд,medium,nature,core,
w_9b4553e49d,смартгодинник,medium,technology,core,
w_a355f99309,смерч,medium,nature,core,
w_9f9e902acb,сміливість,medium,personality,reject,
w_9eb4f21e96,сміттєвоз,medium,transport,core,trash
w_0cf8820031,смог,medium,science,reject,
w_55d970eea0,смс-код,medium,technology,core,
w_d5266dc60e,снайпер,medium,professions,core,
w_332a0e0416,Снігуронька,medium,holidays,core,
w_b9b55535c4,совість,medium,abstract,reject,
w_5298b6abd5,содова,medium,drinks,core,
w_1ef622a6a5,соління,medium,actions,core,
w_bb1f718623,сомельє,medium,professions,core,
w_e55018af65,соната,medium,music,core,son
w_aff230b206,сонячна батарея,medium,technology,core,
w_8502114174,сонячна система,medium,science,reject,
w_55804571a4,сопрано,medium,music,core,
w_394e82c37b,соратництво,medium,relationships,reject,
w_b223e44935,союзник,medium,people,core,
w_be33581dbd,спадкоємець,medium,family,core,
w_747ad03d8c,спаржа,medium,food,core,
w_c37f77e6f7,спаринг,medium,sports,core,
w_1f08931aae,спартанець,medium,history,core,
w_7913ad8dcd,списування,medium,actions,core,
w_52c607a7bb,спиці,medium,tools,core,
w_47425e589b,спів,medium,actions,core,
w_7569698b56,співіснування,medium,relationships,reject,
w_9e38038c31,спідометр,medium,transport,core,
w_7edfe0f3d1,спільна мова,medium,relationships,reject,
w_aefce2f8c1,сповідь,medium,actions,core,
w_ead3d8a256,спогад,medium,emotions,reject,
w_f0593ceb6f,спонсор показу,medium,tv,core,
w_9f6193bd45,спортмайданчик,medium,places,core,sport
w_6a4bfc05d2,спортсмен,medium,professions,core,sport
w_7b87c9af9d,спотіфай,medium,brands,core,
w_78203abdce,спринт,medium,sports,core,
w_38ea3fd978,спустошеність,medium,emotions,core,
w_b061362fdb,срібло,medium,nature,core,
w_663ae82cb8,ссавець,medium,animals,core,
w_63c962293a,стабільність,medium,abstract,reject,
w_a19adb0201,ставка,medium,games,core,
w_ec8f850920,стаж,medium,work,core,
w_338e7bc9e7,сталкерство,medium,behavior,reject,
w_b315404687,старбакс,medium,brands,core,
w_b75083bdf2,стартап,medium,work,core,
w_31543eaad1,стартова сторінка,medium,internet,core,
w_e6c8a6d2a3,стегно,medium,body,core,
w_159548c581,стелаж,medium,home,core,
w_195717a363,стендапер,medium,professions,core,
w_8f49c7d519,степ,medium,nature,core,
w_27b4d6c418,степлер,medium,tools,core,
w_2a9944fc10,стереотип,medium,abstract,reject,
w_dd6438d16c,стерильна зона,medium,travel,core,
w_232804331d,стикування,medium,technology,core,
w_dc47f67330,стиліст,medium,professions,core,
w_c26a812e4b,стимул,medium,abstract,reject,
w_17aecde363,стипендія,medium,school,core,
w_bc21483668,стихійне лихо,medium,events,core,
w_215ab472b6,стійкість,medium,personality,reject,
w_177e3e335c,стійло,medium,animals,core,
w_298a053619,стікер у чаті,medium,internet,core,
w_a2ad34087c,століття,medium,history,reject,
w_745f3adaad,стоматологія,medium,places,core,
w_a0a0c97731,стосунки,medium,relationships,reject,
w_41481e5a43,стосунки на відстані,medium,relationships,core,
w_c6484a032c,страйк,medium,events,core,
w_614f33baba,стратегія,medium,abstract,reject,
w_6d6d967ea3,стриж,medium,animals,core,stryj
w_0c30e0666e,стриманість,medium,personality,reject,
w_672f5d4350,стрікоза,medium,animals,core,
w_a2f4d2c712,стрімінг,medium,internet,core,
w_230112b882,стрічка новин,medium,internet,core,
w_d450bb1cd1,структура,medium,abstract,reject,
w_a4d3086506,ступка,medium,home,core,
w_add9569d18,стурбованість,medium,emotions,reject,
w_44390d5a2b,стягнення,medium,actions,core,
w_9ef65d76cc,сувій,medium,history,reject,
w_c607237cd8,судак,medium,animals,core,
w_5bfac0a164,судоку,medium,games,core,
w_792ab76b19,сузір'я,medium,science,reject,
w_9b63f61cd6,сумо,medium,sports,core,
w_28b5e2e964,суперечка,medium,relationships,reject,
w_7c02303bc6,супермаркет,medium,places,core,
w_8e9352aece,супутник,medium,technology,core,
w_055bd5ef00,сурикат,medium,animals,core,
w_09913867bc,суспільство,medium,society,reject,
w_dc3cb9a7f3,сутичка,medium,relationships,reject,
w_1d4ab59385,суть,medium,abstract,reject,
w_9286b1b765,сухожилля,medium,body,core,
w_ff2e98d3be,сфінкс,medium,history,reject,
w_7210da33ae,схема,medium,abstract,reject,
w_4dc46ce620,схожість,medium,abstract,reject,
w_08fcd06b1a,сцена,medium,movies,core,scena
w_28502a004c,сценарист,medium,professions,core,scena
w_b89ca76059,сьорбання,medium,actions,core,
w_67e7202e5d,сюжет,medium,movies,core,
w_4f2cda4dfc,сюрприз,medium,holidays,core,
w_c1eddb79e1,сюрреалізм,medium,movies,reject,
w_60d2c4501f,сяомі,medium,brands,core,
w_7252f54ed4,таблиця Менделєєва,medium,science,reject,
w_d8535e22f7,табу,medium,abstract,reject,
w_dbaefdf8ba,таємний Миколай,medium,holidays,core,
w_c928bd7a42,таємний роман,medium,relationships,reject,
w_bc01f55559,тай-брейк,medium,sports,core,
w_737bcde154,тайм-аут,medium,sports,core,
w_f1b989e6c4,тако,medium,food,core,
w_945488d42f,таксофон,medium,technology,core,taxi
w_d164c122c0,такт,medium,music,core,
w_6dcdaa5d73,тактика,medium,abstract,reject,
w_aed4f2dca8,талон,medium,travel,core,
w_17074debac,тамада,medium,professions,core,
w_7b0c420afe,танцювальне шоу,medium,tv,core,
w_97cf5211b2,тарган,medium,animals,core,
w_c7f49b9344,тарзанка,medium,games,core,
w_0c6ac1d2ca,татуювальник,medium,professions,core,
w_3eb9d005c5,твердість,medium,personality,reject,
w_30e006b918,твістер,medium,games,core,
w_d08f99a784,тезка,medium,people,core,
w_bc533661bd,текіла,medium,drinks,core,
w_99e49e5bd3,телегід,medium,tv,core,tv
w_f44ea2c99b,телеграф,medium,technology,core,telegraph
w_ea40331d36,телескоп,medium,science,reject,
w_3b7e9e7e3c,телешоу,medium,tv,core,
w_444c2afed1,тельняшка,medium,clothing,core,
w_411ff678dc,тембр,medium,music,core,
w_c3ff7ef6cf,тендер,medium,society,reject,
w_3033561196,тенор,medium,music,core,
w_63e31f1f36,теорема,medium,school,core,
w_246fe8d927,тепловізор,medium,technology,core,
w_11c20a75a0,теплохід,medium,transport,core,
w_5a16023b5e,теревені,medium,behavior,reject,
w_f5792c79a5,терміт,medium,animals,core,
w_ea1bfa9df9,Тернопіль,medium,cities,core,
w_a4598f0ea2,терпіння,medium,personality,reject,
w_38db975a64,тесла,medium,brands,core,
w_ac1490f282,тетріс,medium,games,core,
w_3f5026eb3d,тефтелі,medium,food,core,
w_5721164e83,технікум,medium,places,core,
w_0fbe7f13e4,технологія,medium,technology,core,
w_0d88102fb0,тисячоліття,medium,history,reject,
w_e1b8f98eeb,тойота,medium,brands,core,
w_7381d286a3,токсичні стосунки,medium,relationships,reject,
w_12bd07dba4,толерантність,medium,personality,reject,
w_fa17f91386,томатний сік,medium,drinks,core,
w_412364bcb6,торшер,medium,home,core,
w_84dc0c812f,тофу,medium,food,core,
w_822ae44dc2,точність,medium,abstract,reject,
w_c0f8d33c6b,трав'яний чай,medium,drinks,core,
w_10e647d331,травмпункт,medium,places,core,
w_968e34568d,трагедія,medium,movies,core,
w_0d2621f6d3,традиція,medium,history,reject,
w_5b5418b95c,тракторні війська,medium,transport,core,
w_a75206c135,трансформатор,medium,technology,core,
w_d9be17e56e,трансформер,medium,games,core,
w_0e7129a1f2,трап,medium,travel,core,
w_e293ab2612,трекінгова палиця,medium,travel,core,
w_fd2d1edf56,трембіта,medium,music,core,
w_8cc210666b,тренер,medium,professions,core,
w_19e51732cb,тренінг,medium,events,core,treking
w_080d477797,тренч,medium,clothing,core,
w_d0629eaf8f,трепет,medium,emotions,reject,
w_347b9b584b,третій зайвий,medium,relationships,reject,
w_26c28b4bf4,трибунал,medium,society,reject,
w_b5a711ac87,трилогія,medium,movies,core,
w_db6ab037b7,тритон,medium,animals,core,
w_023f6f7cac,трійня,medium,family,core,trijna
w_3ec1d506f3,тріо,medium,music,core,trijna
w_fe50dfb732,тріумф,medium,emotions,reject,
w_3c47c477bb,тролінг,medium,internet,core,
w_5994420f15,тромбон,medium,music,core,
w_d3947486cf,тропіки,medium,nature,core,
w_6938ddbc02,трофей,medium,sports,core,
w_d1709d1421,троюрідна сестра,medium,family,core,3rdbrat
w_ab24d04876,троюрідний брат,medium,family,core,3rdbrat
w_ab6eb347ec,троянський кінь,medium,history,reject,
w_4edc101578,трудова книжка,medium,work,core,
w_b89e88d25a,трупа,medium,movies,core,truba
w_19d76c077c,трутень,medium,animals,core,
w_6f3e463c14,туалетний папір,medium,home,core,
w_bf841645e8,тумбочка,medium,home,core,
w_f2cbfc7589,тунель,medium,places,core,tuna
w_c6bfca9b07,туніка,medium,clothing,core,
w_b13f937e30,турбіна,medium,science,reject,
w_f3743dacf1,туризм,medium,travel,reject,
w_ae72acdb83,турка,medium,home,core,
w_a0622529b6,турнір,medium,sports,core,turnik
w_cbf1493b7e,тхір,medium,animals,core,
w_1f521e663c,тяганина,medium,behavior,reject,
w_4feefa241b,тяма,medium,abstract,reject,
w_5513b44617,уболівальник,medium,people,core,
w_1ea8d02216,увімкнення,medium,actions,core,
w_5a3abfaecc,удавання,medium,behavior,reject,
w_2a25190d76,ударні,medium,music,core,
w_6230e8542d,удача,medium,abstract,reject,
w_3045ad8cf1,укулеле,medium,music,core,
w_a383db3d24,ультиматум,medium,society,reject,
w_92973f60be,ультразвук,medium,science,reject,
w_f4fcae8ce7,ультрафіолет,medium,science,reject,
w_9ed47d5ceb,умиротворення,medium,emotions,reject,
w_26c2b67ca0,умова,medium,abstract,reject,
w_10276070cf,умовляння,medium,behavior,reject,
w_ce39029720,уникання,medium,behavior,reject,
w_70e89dc488,універмаг,medium,places,core,univers
w_68ef6caaf9,універсал,medium,history,reject,
w_d283efa85e,університет,medium,places,core,univers
w_78f9e5f74b,унісон,medium,music,core,
w_4f61f9b6d3,уно,medium,games,core,
w_6ce456bbe0,упередження,medium,abstract,reject,
w_0bd77e2525,уран,medium,science,reject,
w_ab4fcc3047,усидливість,medium,personality,reject,
w_f21d142d4c,усиновлений,medium,family,core,
w_bd46da5713,успіх,medium,abstract,reject,
w_1d191b5f56,уява,medium,abstract,reject,
w_354c1d0f55,фаворит,medium,people,core,
w_a1d70c5c4a,фагот,medium,music,core,
w_c2f1eab65f,факс,medium,technology,core,
w_6b6910463e,факультет,medium,school,core,fakult
w_44e02b852c,фальсифікація,medium,society,reject,
w_b0696fbb19,фальстарт,medium,sports,core,
w_68368d0e35,фальцет,medium,music,core,
w_0aa27c49ef,фамільярність,medium,behavior,reject,
w_af386db9d3,фантазія,medium,abstract,reject,
w_99ab23f139,фарбування,medium,actions,core,
w_f2c31b36ac,феєрверк,medium,holidays,core,
w_b84e361e19,фейк,medium,internet,core,
w_ee99abe582,фейсбук,medium,brands,core,
w_f0f014abd7,фельдшер,medium,professions,core,
w_7b13514a68,фенікс,medium,animals,core,
w_5a2e7bc64a,фентезі,medium,movies,core,
w_c308f168e3,феодалізм,medium,history,reject,
w_fba2e7f5d5,ферзь,medium,games,core,
w_a187a97cd3,фестиваль,medium,events,core,
w_b7abe6709b,фігурне катання,medium,sports,core,
w_2997ab145d,фіктивний шлюб,medium,relationships,reject,
w_6e941da834,філворд,medium,games,core,
w_0b0aca5777,філія,medium,work,core,
w_a356f8e8b2,філолог,medium,professions,core,
w_d838b04626,філософія,medium,science,reject,
w_0aa3b0b5d0,фінал,medium,sports,core,
w_d6cd97f607,фінансист,medium,professions,core,
w_bd5f259310,фішинг,medium,internet,core,
w_853de7b8e9,флешбек,medium,tv,core,
w_400a8b9897,фобія,medium,emotions,reject,
w_7264268a90,фокусник,medium,professions,core,
w_2b5b543343,фомка,medium,tools,core,
w_acfe2c2288,фонограма,medium,music,core,
w_a5fb609d2b,фоп,medium,work,core,
w_529a865db5,формальність,medium,behavior,reject,
w_93ca8aa14a,форс-мажор,medium,work,core,
w_013dd678dd,фотограф,medium,professions,core,
w_3fe2f21afb,фотофініш,medium,sports,core,
w_b7958e3407,фрак,medium,clothing,core,
w_e188a1ac37,французька,medium,school,core,
w_981b2d7e5b,франшиза,medium,work,core,
w_1d4ec316f0,френдзона,medium,relationships,reject,
w_ff15ccde76,фреска,medium,history,reject,
w_1176056fe4,фриланс,medium,work,core,
w_9d0ec8b2da,фритюр,medium,food,core,
w_4326d4807d,фрустрація,medium,emotions,reject,
w_ccbfe27d77,фунікулер,medium,transport,core,
w_eb5a698263,хабар,medium,society,core,
w_b2cf82ec22,хакатон,medium,events,core,hakaton
w_a2acf20335,халтура,medium,work,core,
w_88e610fdc2,хандра,medium,emotions,reject,
w_4a300d50e7,хаос,medium,abstract,core,
w_ce4d3bf31e,характер,medium,personality,reject,
w_7aa4cbf5bb,хепі-енд,medium,movies,core,
w_5ae2f72537,хет-трик,medium,sports,core,
w_290ff7cee5,хизування,medium,behavior,reject,
w_effdef11b1,хитрість,medium,personality,reject,
w_aaa36f9d7d,хіджаб,medium,clothing,core,
w_3ec1e93267,хімія,medium,science,reject,
w_8d9918ac4d,хіпі,medium,people,core,
w_643cb4fbb3,хіт-парад,medium,tv,core,
w_84da4407ae,Хливнюк,medium,people,core,kalyna_song
w_ea507eaa5a,хлопчик,medium,people,core,
w_eef2d985fe,хлор,medium,science,reject,
w_47b9743fb5,хлорофіл,medium,science,reject,
w_3ce67c802e,хмарне сховище,medium,technology,core,
w_2d4b565fcd,хмарочос,medium,places,core,
w_1283604345,Хмельницький,medium,cities,core,
w_374eac8704,ходіння рачки,medium,actions,core,
w_116708c9e5,холодна кава,medium,drinks,core,
w_ffb2499966,холостяк,medium,people,core,
w_d19f3d0735,хомут,medium,tools,core,
w_ce5cdd9415,хореограф,medium,professions,core,
w_640a8c5639,хрещена мати,medium,family,core,hrest
w_a97ca59902,хрещений батько,medium,family,core,hrest
w_5b07d3b425,хрущовка,medium,places,core,hrin
w_156cf59cd7,хрящ,medium,body,core,hrin
w_cc45432177,хутір,medium,places,core,
w_9866bda0ba,цельсій,medium,science,reject,
w_8979e80510,церемонія,medium,events,core,
w_0c6d269a72,цивільний шлюб,medium,relationships,reject,
w_01994122ff,цигани забрали танк,medium,events,core,
w_e9f226f02b,цикада,medium,animals,core,
w_14ad2d5e81,цикл,medium,abstract,reject,
w_deccc9559e,циклон,medium,nature,core,
w_615aa2be1b,цикорій,medium,drinks,core,
w_a9d46f88aa,цинізм,medium,personality,reject,
w_4d998d7f5f,циркач,medium,professions,core,
w_99d1079b5d,циркуль,medium,school,core,
w_14368afd0a,циркулярка,medium,tools,core,
w_40d7fc0329,цитадель,medium,places,core,
w_6bfc1856eb,цитування,medium,actions,core,
w_bfc0812960,цифровий детокс,medium,internet,core,
w_a26ad88e65,цікавість,medium,personality,reject,
w_468f7f6068,ціле,medium,abstract,reject,
w_5af0560b83,цінність,medium,abstract,reject,
w_0df699c575,цунамі,medium,nature,core,
w_6d3fa7249f,цькування,medium,behavior,reject,
w_1e0e6a4d86,час,medium,abstract,core,
w_ca09520d72,часовий пояс,medium,travel,core,
w_50fb649342,частування,medium,actions,core,
w_4c273c598d,чванливість,medium,personality,reject,
w_e45a4c7fdf,чверть,medium,school,core,
w_550d260fef,челендж,medium,internet,core,
w_de85ce1b4f,чемність,medium,personality,reject,
w_b6e508165d,червона доріжка,medium,events,core,kalyna_song
w_3fe407f1a4,червона калина,medium,music,core,kalyna_song
w_6cb289641a,червона картка,medium,sports,core,kalyna_song
w_483d80f6b5,червона книга,medium,science,reject,
w_0414a25edc,червоний коридор,medium,travel,core,kalyna_song
w_dec3ab3c70,чергування,medium,actions,core,
w_ab7790ea05,череп,medium,body,core,
w_e5e2b8b2d1,Черкаси,medium,cities,core,
w_9c77965aee,черлідинг,medium,sports,core,
w_e02191a368,чернетка,medium,school,core,
w_89740d17ac,Чернігів,medium,cities,core,
w_96e0049b48,черствість,medium,personality,reject,
w_3c38e282f8,чесність,medium,personality,reject,
w_4bcd145ec9,чистовик,medium,school,core,
w_2ff3acffe8,читанка,medium,school,core,chyt
w_6631b79582,чищення зубів,medium,actions,core,
w_7d8d9711bd,чіп,medium,technology,core,
w_90f268ff27,чорна діра,medium,science,core,black
w_e2f8c41d91,Чорна п'ятниця,medium,holidays,core,black
w_1d36c1c36d,чорний список,medium,internet,core,black
w_b874857c4f,чохол для телефону,medium,technology,core,
w_10459445ed,чужинець,medium,people,core,
w_6bc4688907,чуйність,medium,personality,reject,
w_4a6b933d4f,чумак,medium,history,reject,
w_5c354bb39a,чумацький шлях,medium,science,core,
w_e251d5b5b1,чутка,medium,behavior,reject,
w_cf2957bafc,чухання,medium,actions,core,
w_2bf227c656,чхання,medium,actions,core,
w_30c86517df,шаблон,medium,abstract,reject,
w_0a1696a621,шаленство,medium,emotions,reject,
w_a2705e048b,шаль,medium,clothing,core,
w_77a597b2b9,шаман,medium,professions,core,
w_af067cd76d,шарада,medium,games,core,
w_3562dabda2,шатл,medium,technology,core,
w_22ab783d26,шахівниця,medium,games,core,shah
w_ce3bc49f8c,швартування,medium,actions,core,
w_f34919309e,швейцар,medium,professions,core,
w_ff3ccbf13b,швець,medium,professions,core,
w_89192f0ad5,швидка допомога,medium,transport,core,
w_33c7405b99,шедевр,medium,movies,core,
w_1ac2e9cea1,шестигранник,medium,tools,core,
w_88c368f9e7,шипшина,medium,nature,core,
w_55718cd6fc,ширма,medium,home,core,
w_a7b3d6bed8,шифр,medium,technology,core,
w_b2ce9b4f6c,шкаралупа,medium,animals,core,
w_ac53cc42d1,шкода,medium,abstract,reject,
w_3ab600b891,шлейф,medium,clothing,core,
w_d1ad6d43ff,шлюбний контракт,medium,relationships,reject,
w_c75debb574,шлюз,medium,places,core,
w_49d71c5809,шлюпка,medium,transport,core,
w_ba266ea07b,шляхта,medium,history,reject,
w_2931f6bb53,шовковий шлях,medium,history,reject,
w_e0e60eac5f,шорт-трек,medium,sports,core,
w_209ffd5e06,шоу талантів,medium,tv,core,
w_6463cb7adb,шпага,medium,sports,core,schpaga
w_a40f953386,шпатель,medium,tools,core,
w_01a9556479,шпинат,medium,food,core,
w_964827266e,шредер,medium,work,core,
w_71c2865c5c,штат,medium,work,core,
w_be26dd7a69,штиль,medium,nature,core,
w_43d35901ba,штовханина,medium,actions,core,
w_3a28257a8a,штрафний,medium,sports,core,
w_9333efd40c,штурвал,medium,transport,core,
w_fbc8e942fb,штурман,medium,professions,core,
w_2ab1cb622d,штучний інтелект,medium,technology,core,
w_b164a11c37,шумівка,medium,home,core,
w_a8637ae5f2,Щедрий вечір,medium,holidays,core,
w_9cf5e394b2,щитки,medium,sports,core,
w_e0e8aa4151,щоденник оцінок,medium,school,core,
w_5d4e54f5b2,ювелір,medium,professions,core,
w_842f10b669,ювіляр,medium,people,core,
w_d82c5adac2,юнеско,medium,society,reject,
w_d05dda491c,ябеда,medium,people,core,
w_72c661fa5f,Яблучний Спас,medium,holidays,core,apple
w_53447c52d0,явище,medium,abstract,reject,
w_37774b79cb,якір,medium,transport,core,
w_8434e888ff,якість,medium,abstract,reject,
w_84459883f3,ялинка,medium,holidays,core,yalyna
w_3a1fd53ab2,ярмарок ремесел,medium,events,core,
w_48c2ddbd9f,ясен,medium,nature,core,
w_a06343396d,яструб,medium,animals,core,
w_537fbc651a,абсолютний слух,hard,music,core,
w_d950904147,авіамілі,hard,travel,core,
w_0b05dad0cb,автопілот,hard,technology,core,
w_369aec055a,ажіотаж,hard,emotions,core,
w_5d565e0b61,азимут,hard,travel,core,
w_3bfa26d3b1,академвідпустка,hard,school,core,
w_392c1d5874,акомпанемент,hard,music,core,
w_2e2ff412c4,акровірш,hard,games,core,
w_e0890f5c35,акціонер,hard,work,core,
w_9f903a0499,алгоритм,hard,technology,core,
w_bdc5cc756a,алегорія,hard,abstract,core,
w_06499dbb7a,алхімія,hard,history,reject,
w_cb45bddc60,альфа і омега,hard,abstract,reject,
w_dc14c30018,альфонс,hard,people,core,
w_18270e766a,алюзія,hard,abstract,core,
w_bcba3115cc,анафема,hard,history,core,
w_90763c0a34,анклав,hard,places,core,
w_7872497b2b,аномалія,hard,abstract,core,
w_4043206cf9,антигерой,hard,movies,core,
w_09ff98c463,антиматерія,hard,science,core,
w_1668a06c7a,апокаліпсис,hard,abstract,reject,
w_94313ec00e,аристократія,hard,history,reject,
w_a945bb5fa8,аркада,hard,games,core,
w_da0419b510,артхаус,hard,movies,core,
w_9546c7af6e,архіпелаг,hard,nature,core,
w_e37acdb0e7,архітектура,hard,work,core,architect_root
w_691670f126,асиметрія,hard,abstract,core,
w_e5d1a75a22,астероїд,hard,science,reject,
w_b873ae183f,атлантида,hard,abstract,reject,
w_b3a85c486c,атмосфера,hard,science,reject,
w_554e5243d6,атом,hard,science,reject,
w_69625bafc6,атріум,hard,places,core,
w_c4f60318dc,аура,hard,abstract,reject,
w_7ee613f176,афоризм,hard,abstract,core,
w_432e969a4a,ахіллесова п'ята,hard,abstract,reject,
w_feac302b81,багатогранність,hard,personality,core,
w_3234ea43d1,база даних,hard,technology,core,
w_a7a08cd2c6,бактерія,hard,science,core,
w_229e5daf1b,баламут,hard,people,core,
w_ef57f8d510,безсилля,hard,emotions,reject,
w_ff11f7eaca,бельканто,hard,music,core,
w_9ee76fbcb3,бібліофіл,hard,people,core,
w_66a08673c9,біолабораторії,hard,science,reject,
w_7e1ca5ba7e,біонічний протез,hard,technology,core,
w_0e94ada99f,бірюльки,hard,games,core,
w_1cfd01c774,бісектриса,hard,school,core,
w_18b5da3a91,благодать,hard,emotions,reject,
w_27dd80b607,благородство,hard,personality,reject,
w_1ffbb1dbd8,благословення,hard,holidays,core,
w_0b20cbfe45,блокчейн,hard,technology,core,
w_de12ac8c83,бойові гуси,hard,animals,core,boy
w_804e0420eb,бойові комарі,hard,animals,core,boy
w_e4c4f9edd0,братерство,hard,relationships,reject,
w_0fde19d752,бродвей,hard,movies,core,
w_57d130d138,бродяжництво,hard,behavior,reject,
w_307c877edd,брутальність,hard,personality,reject,
w_ab1b8bee54,буквоїдство,hard,personality,core,
w_f4528511b0,бюрократія,hard,society,core,
w_046575917c,вар'єте,hard,movies,core,
w_f0769b8e75,велике переселення народів,hard,history,core,
w_0ddc6eb467,великі географічні відкриття,hard,history,core,
w_a8e7e09999,великодушність,hard,personality,reject,
w_879c4f82f0,вербування,hard,behavior,core,
w_e8b117e156,вердикт,hard,society,core,
w_33d59c224e,верхівка айсберга,hard,abstract,core,
w_33adfe22da,весняне загострення,hard,emotions,reject,
w_a8e8c0ea70,виволочка,hard,behavior,reject,
w_971815a059,вимогливість,hard,personality,reject,
w_37294e654d,виривання з контексту,hard,behavior,reject,
w_d1291bdab5,високосний рік,hard,science,core,
w_0ae4e7d29e,відділення монобанку,hard,brands,core,mono_jar
w_72b4e5e5e4,відлучення,hard,relationships,reject,
w_1d1f983d92,відмінок,hard,school,core,vidminnyk
w_1ffca749c4,візіонер,hard,people,core,
w_a52595edd7,віроломство,hard,behavior,reject,
w_2ba42fdb22,віртуальні стосунки,hard,relationships,reject,
w_ec3841dbae,віртуоз,hard,music,core,
w_7f7ae310a0,вірус,hard,science,reject,
w_073f10e6ca,вічна мерзлота,hard,nature,core,
w_90bfc8a597,волхви,hard,holidays,core,
w_277b0bc30e,воскресіння,hard,holidays,core,
w_947a5f68c8,всезнайко,hard,people,core,
w_08b8bf031d,всеношна,hard,events,core,
w_7447f71fae,втрата обличчя,hard,emotions,core,
w_b344d12141,вундеркінд,hard,people,core,
w_4abe327916,вшанування,hard,holidays,core,
w_794ef2bc4b,газосховище,hard,places,core,
w_d9eff7949f,галантність,hard,behavior,reject,
w_7dacdbb546,гартування,hard,actions,core,
w_dcd9f5898b,гедонізм,hard,abstract,reject,
w_8140e63f92,гемоглобін,hard,science,reject,
w_809565be47,геодезист,hard,professions,core,
w_304afc3a92,гіпербола,hard,abstract,reject,
w_f4211c34b3,гіпотеза,hard,science,reject,
w_cef48ad004,гіпотенуза,hard,school,core,
w_391fa52180,гірська хвороба,hard,travel,core,
w_ee75cb9a0a,глемпінг,hard,travel,core,
w_1e8883e5ed,глюкоза,hard,science,reject,
w_28db4e1a54,головнокомандувач,hard,professions,core,
w_c8b20e4d9f,голограма,hard,technology,core,
w_2257c9c3f0,Гольфстрім,hard,science,core,
w_551921ce10,гомеопат,hard,professions,core,
w_abc153543a,гопники і БТР,hard,people,core,
w_776820d145,горизонт,hard,nature,core,
w_f17e3a0e76,гра на публіку,hard,behavior,reject,
w_c9a88c46b9,гравітація,hard,science,core,
w_3fe1db0b73,градирня,hard,places,core,
w_f734a17893,грамотність,hard,school,core,
w_8441fb3e7c,грант,hard,work,core,grant
w_c2edee0196,графоманія,hard,behavior,reject,
w_38a058ee0f,гробки,hard,holidays,core,
w_371047cd56,гротеск,hard,movies,core,
w_8384814ec4,група смерті,hard,sports,core,
w_dc69a55e41,гуру,hard,people,core,guru
w_59a91c0251,густина,hard,science,reject,
w_70cf1a60f0,далекоглядність,hard,personality,reject,
w_cd6c8321ac,даркнет,hard,internet,core,
w_8c4cff6f1e,дата-центр,hard,technology,core,
w_e24f0f0937,два-три тижні,hard,abstract,core,
w_a570625f56,двозначність,hard,abstract,reject,
w_99e2c9bc61,девіз,hard,abstract,reject,
w_486e67d103,дежавю,hard,abstract,reject,
w_f53235f54c,дельта,hard,nature,core,
w_f82abe2572,демагогія,hard,society,reject,
w_63075b6ce5,демілітаризація,hard,society,core,
w_27d0195507,депортація,hard,society,core,
w_9e05e9c923,дербі,hard,sports,core,
w_2c19c5c548,дефолт,hard,society,reject,
w_d31ddf2a52,децентралізація,hard,society,reject,
w_23d40b85ae,джингл,hard,music,core,
w_34c2b23939,дзен,hard,abstract,core,
w_e59eb547ac,диверсифікація,hard,work,core,
w_2e6b701c74,диктатура,hard,society,core,
w_9ee0cd6dee,дикція,hard,movies,core,
w_c8645b1029,дилетантство,hard,personality,reject,
w_a284e0a93f,дипломатія,hard,society,reject,
w_fa512d7487,дисонанс,hard,music,core,
w_1c5b641358,дистиляція,hard,science,reject,
w_a1f7e0b3f6,дистриб'ютор,hard,professions,core,
w_f1e62efd48,діпфейк,hard,internet,core,
w_713b058591,ДНК,hard,science,reject,
w_9c69594bf0,Добрий день еврібаді,hard,history,core,
w_4791c67c66,Доброго вечора ми з України,hard,music,core,
w_609eb3333b,довгобуд,hard,places,core,
w_65c4da4a0d,доведення,hard,school,core,
w_05e8b1a757,догма,hard,abstract,reject,
w_0aa8c01787,домінування,hard,relationships,reject,
w_4867611bcc,донкіхотство,hard,behavior,reject,
w_ba3778f1f3,драйв,hard,emotions,reject,
w_5cb6c01af5,другий подих,hard,sports,core,
w_4f149fb53e,евакуація,hard,events,core,
w_22be163a99,еволюція,hard,science,core,
w_90f54d93f5,евтаназія,hard,society,core,
w_5138e965e2,егоїзм,hard,personality,reject,
w_0856cda278,езотерика,hard,abstract,reject,
w_769158e22d,ейфорія,hard,emotions,core,
w_201d12dd33,екватор,hard,science,core,
w_1da118a62b,екосистема,hard,nature,core,
w_4fea7669fa,експедитор,hard,professions,core,
w_5c4dfb8d12,експеримент,hard,science,reject,
w_402068ac79,експресивність,hard,personality,reject,
w_32956daf1a,екстаз,hard,emotions,reject,
w_7ed22219e4,екстравагантність,hard,personality,reject,
w_69371abe7a,екстраверт,hard,people,core,
w_32cf66a97c,екстрасенс,hard,people,core,
w_69181adbb6,еластичність,hard,science,reject,
w_61abd7c6c1,ельдорадо,hard,abstract,reject,
w_4b4c6031e6,емоційний шантаж,hard,relationships,reject,
w_252fff8736,емпатія,hard,emotions,reject,
w_2a0077b5c3,ендшпіль,hard,games,core,
w_d581660c02,епіграф,hard,school,core,
w_52df4911ff,епітафія,hard,abstract,reject,
w_4dd8b19a55,епітет,hard,school,core,
w_e979fbe803,ескапізм,hard,abstract,reject,
w_a0fb0125b2,ескейп-рум,hard,games,core,
w_2406814311,етика,hard,abstract,reject,
w_025c251985,ефект доміно,hard,abstract,core,
w_eb053bf585,ефект метелика,hard,abstract,core,
w_eb8cc797c2,ехолокація,hard,science,reject,
w_ff757ada61,єресь,hard,history,reject,
w_fc6d778094,єретик,hard,people,core,
w_0da2577a4a,жертвоприношення,hard,history,core,
w_eda11a8895,жест доброї волі,hard,society,reject,
w_2ad8ef971f,жовта стрічка,hard,society,reject,
w_d8369ad0c3,жонглювання,hard,actions,core,
w_04b01801b8,заборонене кохання,hard,relationships,reject,
w_e48e22754b,зав'язка,hard,abstract,reject,
w_720abc2b62,закомплексованість,hard,personality,reject,
w_5d02cca057,закон Архімеда,hard,science,core,
w_910ba9181e,закон підлості,hard,abstract,reject,
w_9c10c5f41e,закрите місто,hard,places,core,closed
w_faa4feeb5d,замкнутість,hard,personality,reject,
w_d6dd603b67,замовчування,hard,behavior,reject,
w_906082d923,заочка,hard,school,core,
w_ff7f8031ae,запилення,hard,nature,core,
w_1029b6e000,запопадливість,hard,personality,reject,
w_02cc6faeb1,затворництво,hard,behavior,reject,
w_6ca3fed8b5,зведення рахунків,hard,relationships,reject,
w_eac418c691,згуртованість,hard,relationships,reject,
w_cb1066306f,земна кора,hard,science,reject,
w_a670601484,злагода,hard,relationships,reject,
w_0854d28d8b,злиття,hard,work,core,
w_3e7ef890bb,зловживання довірою,hard,relationships,reject,
w_bc93c76c8a,злопам'ятність,hard,personality,reject,
w_644ee8fee0,зміна варти,hard,events,core,zmina
w_d929ee8975,змова,hard,relationships,reject,
w_0329e94826,золоте весілля,hard,holidays,core,swamp_gold
w_7f1e1b3b50,золотий перетин,hard,abstract,reject,
w_b0b4b8175f,зосередженість,hard,personality,reject,
w_13d7cf9539,зречення престолу,hard,events,core,
w_f00edb032b,зухвалість,hard,personality,reject,
w_b77ca29517,ідентичність,hard,abstract,reject,
w_342f1b22ed,ідіома,hard,abstract,reject,
w_ff66b3c674,ієрархія,hard,society,reject,
w_427b84aeeb,ієрогліф,hard,history,reject,
w_d64e13bd15,ізоляція,hard,society,reject,
w_7566fa38b4,ілюмінатор,hard,transport,core,
w_d882ee91c8,імпровізація,hard,music,core,
w_5def95c9f8,імунітет,hard,science,reject,
w_75e673b0ac,інвестиція,hard,work,core,
w_7072a167ef,індульгенція,hard,history,reject,
w_5319167a42,інерція,hard,science,reject,
w_7e4297db58,інстинкт,hard,science,reject,
w_785304e43e,інсулін,hard,science,reject,
w_9af08d41bc,інсценування,hard,behavior,reject,
w_a9a7213861,інтелігентність,hard,personality,reject,
w_73e5e6f021,інтерлюдія,hard,music,core,
w_5f6a61550c,інтонація,hard,music,core,
w_f052b16240,інтроверт,hard,people,core,
w_b0f7bb1ce5,інтуїція,hard,abstract,reject,
w_b8a543f21a,інфляція,hard,society,reject,
w_e72c8dc671,інформаційна бульбашка,hard,internet,core,
w_0169147622,інь-ян,hard,abstract,core,
w_d6324d5d27,італійський страйк,hard,behavior,reject,
w_5c4a26a9cc,казначей,hard,professions,core,
w_2e86f036ea,какофонія,hard,music,core,
w_fd0ff2136d,каламбур,hard,abstract,reject,
w_a0f5d1c17a,калейдоскоп,hard,games,core,
w_36f8c6dba3,каліграфія,hard,school,core,
w_5e901c7a8a,камбек,hard,sports,core,
w_c0dec7b330,камінь спотикання,hard,abstract,core,kamin
w_c62d82f53f,канон,hard,abstract,reject,
w_8a486a8fa7,канцлер,hard,professions,core,
w_29207d9774,каньйон,hard,nature,core,
w_967975806c,капелан,hard,professions,core,
w_92fcb4825e,капітал,hard,work,core,kapital
w_9ce3d8c73c,карамелізація,hard,actions,core,
w_b6cbf856ef,карбування,hard,actions,core,
w_8bccd5442f,карма,hard,history,reject,
w_8785ca70e5,карта Лукашенка,hard,society,core,
w_2c59f1c624,касовий збір,hard,movies,core,
w_316f1b95a3,катакомби,hard,places,core,
w_65d4f373e5,катарсис,hard,movies,core,
w_a5de995fef,каучсерфінг,hard,travel,core,
w_0677bf9e53,кедр,hard,nature,core,
w_246198c759,кельма,hard,tools,core,
w_9fc0c8153b,керлінг,hard,sports,core,
w_6616097da9,кислотні дощі,hard,science,reject,
w_9ca1151291,кібербезпека,hard,technology,core,kiber
w_42b08e98b8,кіберпанк,hard,movies,core,kiber
w_766053330f,кілт,hard,clothing,core,
w_3d9c14bd5b,кіт Шредінгера,hard,abstract,reject,
w_daf86e3ae4,клинопис,hard,history,reject,
w_7ee55fd64d,клікбейт,hard,internet,core,
w_14796ca1a8,клінч,hard,sports,core,
w_59890ebd5a,клятвопорушення,hard,relationships,reject,
w_3c1d8651b4,козел відпущення,hard,abstract,reject,
w_7d3e483fd4,колайдер,hard,science,reject,
w_9e69227c41,комплекс Наполеона,hard,emotions,core,
w_7fd52d7742,компостування,hard,actions,core,
w_703e2beb64,компромат,hard,society,reject,
w_26d62e9133,комунізм,hard,society,reject,
w_6f434bd5d8,конденсація,hard,science,reject,
w_3a3069e0df,конспірація,hard,society,reject,
w_720f63050c,конституція,hard,society,reject,
w_4a1cd306c6,контрабас,hard,music,core,
w_68eed4d1a1,контрафакт,hard,work,core,
w_3d02359bb2,координація,hard,behavior,reject,
w_e23710bdbe,копірайтер,hard,professions,core,
w_fe024185c8,коректор,hard,professions,core,
w_ee4e28d478,корисні копалини,hard,nature,core,
w_4669f85644,корозія,hard,science,reject,
w_7cf084b65a,корпорація,hard,work,core,corp
w_5a08a3c462,косинка,hard,clothing,core,
w_3f30a3b4da,коучинг,hard,work,core,
w_1778702892,кошмар наяву,hard,emotions,reject,
w_335a4343d4,краудфандинг,hard,internet,core,
w_0f4f98b3e9,кредо,hard,abstract,reject,
w_d4fa7bceef,кривда,hard,relationships,reject,
w_29e84053e5,криза середнього віку,hard,emotions,reject,
w_0414090df1,крик душі,hard,emotions,core,kryk
w_08bba90bb3,криміналіст,hard,professions,core,
w_375af26105,крипта,hard,places,core,crypto
w_f91481a071,криптовалюта,hard,technology,core,crypto
w_01c542237e,кріокамера,hard,technology,core,
w_895ec3568f,кровна клятва,hard,relationships,core,
w_2582802df9,кросовер,hard,movies,core,
w_888063fec2,кругообіг води,hard,nature,core,
w_5eba174951,кудкудакання,hard,animals,core,
w_82235dc4c6,кукі,hard,internet,core,
w_41595a7968,кульмінація,hard,abstract,reject,
w_59628b2d65,культурний шок,hard,travel,core,
w_146606759b,куратор,hard,professions,core,
w_ce85fff559,кухоль,hard,home,core,kuhnya
w_cf3c62459f,лагідність,hard,personality,reject,
w_42c53b36c2,лагуна,hard,nature,core,
w_fbb485258d,лазіння,hard,actions,core,
w_49d2291488,лакмус,hard,science,reject,
w_b9e5e28775,ламантин,hard,animals,reject,
w_a48c3ae8e3,ландшафт,hard,nature,core,
w_248a669f21,ланцюгова реакція,hard,science,reject,
w_53879140d6,лань,hard,animals,core,
w_79385a5c49,лебедина пісня,hard,abstract,reject,
w_613161eb74,левітація,hard,abstract,core,
w_09910d791d,лестощі,hard,behavior,reject,
w_670ab90686,летаргія,hard,emotions,reject,
w_c052762256,лечо,hard,food,core,
w_62c68c8bc9,ліквідатор,hard,professions,core,
w_d80ef4b2cb,лінійка шкільна,hard,school,core,
w_fc52796e2f,літопис,hard,history,reject,
w_d2dc3f2f1a,лічилка,hard,games,core,
w_bc7689070f,лобзик,hard,tools,reject,
w_a28126fe2d,ловля,hard,actions,core,
w_4bc037afdc,логарифм,hard,school,core,
w_7a25736e5e,лояльність,hard,relationships,reject,
w_00e823a4aa,льодовиковий період,hard,nature,core,lid
w_296f671673,любовний трикутник,hard,relationships,core,love
w_ec7a12ff39,лялечка,hard,animals,core,
w_f8cee1c19f,м'якотілість,hard,personality,reject,
w_e00b2aa805,мавзолей,hard,places,core,
w_813ad044f8,Магдебурзьке право,hard,history,reject,
w_befb908a5e,магма,hard,science,core,
w_a0c8261a03,магнетизм,hard,science,reject,
w_8a6cd2fff6,маестро,hard,music,core,
w_5386ba9c01,майя,hard,history,reject,
w_d76ba9dced,макетування,hard,actions,core,
w_68fff86139,малеча,hard,people,core,
w_d98ac17730,мангуст,hard,animals,core,
w_9e14ab36b2,манжета,hard,clothing,core,
w_0742536da6,манікюрниця,hard,professions,core,
w_355d1152cf,маніпуляція,hard,behavior,reject,
w_187fc9a042,манія величі,hard,emotions,reject,
w_e2c70b197a,мантра,hard,abstract,core,
w_8cf7a0846d,марнотратство,hard,behavior,reject,
w_3fd9b374d5,марширування,hard,actions,core,
w_381078383d,маскувальна сітка,hard,tools,core,
w_296f47ba22,масонство,hard,history,reject,
w_2577b4bb5d,матч-бол,hard,sports,core,
w_1cd103ac09,махання,hard,actions,core,
w_97f6f2c642,мекання,hard,animals,core,
w_e2b6a99e5d,мемуари,hard,abstract,core,
w_bdad0b7ed0,менталітет,hard,abstract,reject,
w_3a7cd3f76c,меншовартість,hard,emotions,reject,
w_de1a25de08,меридіан,hard,science,reject,
w_a8d818e4eb,меркантильність,hard,personality,reject,
w_de68996044,мертва петля,hard,games,core,
w_750bade281,месія,hard,people,core,
w_3406e4d7f7,метавсесвіт,hard,technology,core,
w_56c9fdf681,метан,hard,science,reject,
w_48df27b9f7,метафора,hard,abstract,reject,
w_47e9e42026,метроном,hard,music,core,
w_d30595f3cf,меценат,hard,people,core,
w_dec1d3257d,милосердя,hard,personality,reject,
w_e8f42e53b0,міграція,hard,society,reject,
w_8bb254041b,мікроменеджмент,hard,work,core,
w_c547caea16,міліметр,hard,science,reject,
w_b269be78af,мінусівка,hard,music,core,
w_2dd3a295e6,місіонер,hard,professions,core,
w_c7b531b377,містифікація,hard,behavior,reject,
w_c93f136c82,місцевий колорит,hard,travel,core,misce
w_f7aa4ed042,міфологія,hard,history,reject,
w_998f090493,млявість,hard,personality,reject,
w_3102f151a2,мовний бар'єр,hard,travel,core,
w_74d5229615,мовчазна згода,hard,relationships,reject,
w_2daa445792,модератор,hard,professions,core,moda
w_f2783f9050,модерація,hard,internet,core,moda
w_9dd3f95158,модернізація,hard,work,core,
w_7f4780d13b,мокасини,hard,clothing,core,
w_9eb02e81c4,мокачино,hard,drinks,core,
w_99d0d7dbfa,молекула,hard,science,core,
w_40b9c2a2d3,молочний коктейль,hard,drinks,core,
w_e929aa85a5,мольберт,hard,school,core,
w_04c3a883d9,молюск,hard,animals,core,
w_e67fe837ed,монетизація,hard,internet,core,
w_47b31920eb,моногамія,hard,relationships,reject,
w_882512754c,монополія,hard,society,reject,
w_f92b523bcd,моральна паніка,hard,behavior,reject,
w_1b592c3673,морзянка,hard,technology,core,
w_93182cf37c,москітка,hard,home,core,
w_5392dd7b40,мотокоса,hard,tools,core,
w_8107a5724a,моторність,hard,personality,reject,
w_6f2bcf7b9a,мочалка,hard,home,core,
w_7ac49fd242,мошка,hard,animals,core,
w_3a87eaa457,мужність,hard,personality,reject,
w_5fe643c635,муки сумління,hard,emotions,reject,
w_c571c234fa,мультиплеєр,hard,games,core,
w_d2812a2429,мурєна,hard,animals,core,
w_f2ef71e8c4,мустанг,hard,animals,core,
w_141ab58d92,набір номера,hard,actions,core,
w_91aef59dba,навішування ярликів,hard,behavior,reject,
w_69c870d918,наволонтерити,hard,actions,core,
w_eeedd7ead6,наганяй,hard,relationships,reject,
w_796ba25fad,надування кульки,hard,actions,core,
w_eb6c335e6b,надфіль,hard,tools,core,
w_9b41241738,наждачка,hard,tools,core,
w_43c730f08f,наївність,hard,personality,reject,
w_ea2144d077,наїзд,hard,behavior,reject,
w_2e456d4755,найк,hard,brands,core,
w_542966126f,наклеп,hard,behavior,reject,
w_587c4e195a,наперсток,hard,tools,core,
w_a93c35f93f,наполягання,hard,behavior,reject,
w_55d42c10f4,напористість,hard,personality,reject,
w_a8969f4f50,наруга,hard,behavior,reject,
w_c1343371cc,наскельний живопис,hard,history,reject,
w_8e151a29ab,наставництво,hard,relationships,reject,
w_07db932411,настирливість,hard,personality,reject,
w_b981b67bf1,нафтобаза,hard,places,core,nafta
w_f3e8404326,нацизм,hard,society,core,
w_d2f6f756de,наша ера,hard,history,reject,
w_8afbcce334,наша ряба,hard,brands,core,
w_8c7194e943,нашіптування,hard,behavior,reject,
w_073f95aa1d,небіж,hard,family,core,nebog
w_8979d332e5,небога,hard,family,core,nebog
w_9495fc03a3,невагомість,hard,technology,core,
w_327a0bdc10,неваляшка,hard,games,core,
w_7090212cd8,невблаганність,hard,personality,reject,
w_1efcbe6072,неввічливість,hard,behavior,reject,
w_425f5ec2bc,невгамовність,hard,personality,reject,
w_42926c58ad,невігластво,hard,abstract,reject,
w_7a13953503,невпевненість,hard,emotions,reject,
w_1424d9e353,невтомність,hard,personality,reject,
w_0606db9e07,недомовка,hard,relationships,reject,
w_b333086f8d,незабудка,hard,nature,core,
w_9a1dd45232,нейромережа,hard,technology,core,
w_56bc4874df,некролог,hard,abstract,reject,
w_41b6fe6f57,немає малого донату,hard,internet,core,
w_68984832a3,ненаситність,hard,personality,reject,
w_b098134601,непередбачуваність,hard,personality,reject,
w_7c0a9d5e7e,непостійність,hard,personality,reject,
w_0822182745,нервовий зрив,hard,emotions,core,
w_e5418e8a71,нервозність,hard,emotions,reject,
w_f9ddff2a4d,нерозділене кохання,hard,relationships,core,
w_5f7e84a634,нескінченність,hard,abstract,reject,
w_fea046b741,нестяма,hard,emotions,reject,
w_a8b4e13b42,нірвана,hard,abstract,core,
w_46b85cf84f,нічийна земля,hard,places,core,
w_f8c3da9d8f,новомова,hard,abstract,reject,
w_7107d2fc19,ножівка,hard,tools,core,
w_0197a360fc,номінація,hard,movies,core,
w_c4dd9b68ba,ностальгія,hard,emotions,core,
w_acf39d17b7,нуар,hard,movies,core,
w_2aaedff3af,оазис,hard,nature,core,
w_dd1b359a26,обсерваторія,hard,places,core,
w_215b95e6dc,овація,hard,movies,core,
w_54b5fb09a8,овербукінг,hard,travel,core,
w_5985c3d722,овертайм,hard,sports,core,
w_2dcc35cc28,овертуризм,hard,travel,reject,
w_280ff2c970,одисея,hard,abstract,reject,
w_c2d15ed284,однодумець,hard,people,core,
w_caead94c33,одягання,hard,actions,core,
w_b90010e3fd,ожеледиця,hard,nature,core,
w_7074097ca2,ожина,hard,food,core,
w_d2aef531aa,озвучення,hard,tv,core,
w_dc464cc551,озноб,hard,body,core,
w_1be9a6e2a0,окриленість,hard,emotions,reject,
w_21fad407e4,оксюморон,hard,abstract,reject,
w_56e6ace690,октава,hard,music,core,
w_6a33ec0c06,оладки,hard,food,core,
w_986b8ea9ed,ондатра,hard,animals,core,
w_1a5628df53,онлайн-квиток,hard,travel,core,
w_c5435d2ab0,опен-ейр,hard,events,core,
w_0c9b059f4a,операційна система,hard,technology,core,
w_82183e9a39,опівночі,hard,events,core,
w_425690a83d,опосум,hard,animals,core,
w_9f8974cf62,опустелювання,hard,nature,core,
w_3156fda3b5,оракул,hard,history,reject,
w_d54853227d,орангутан,hard,animals,core,
w_8f5ebb5c67,оранка,hard,actions,core,
w_ddc1061a34,організація,hard,work,core,
w_3dd534f6c8,ордер,hard,society,reject,
w_9ccb224b02,ореол,hard,abstract,reject,
w_f0dd509ea0,орігамі,hard,games,core,
w_b1d0b20556,освячення,hard,events,core,
w_2c5ba870b6,особисті кордони,hard,relationships,core,osobystyi
w_47cb3a83bf,остання крапля,hard,emotions,core,last
w_8074566898,остракізм,hard,history,reject,
w_e7cce35648,охайність,hard,personality,reject,
w_d13b65bf8a,очисні споруди,hard,places,core,
w_c94566fb8f,ощадливість,hard,personality,reject,
w_f9068b6d1c,палиця з двома кінцями,hard,abstract,core,
w_1ecf83d79b,паліндром,hard,games,core,
w_a9b0b5f2a4,паляниця-полуниця,hard,food,core,palyanytsya_root
w_ba0df77eb5,памфлет,hard,abstract,reject,
w_19f95ade35,панорама,hard,places,core,
w_24cf72d47d,пантеон,hard,history,reject,
w_5cbcfc5f3b,панчохи,hard,clothing,core,
w_f5bd2fa9ac,папороть,hard,nature,core,
w_e7a6bd19f5,парадигма,hard,abstract,reject,
w_3a7a0b4062,парадокс,hard,abstract,reject,
w_920bdb84d8,параліч волі,hard,emotions,reject,
w_50fd340461,парамедик,hard,professions,core,
w_562262b0d5,параноя,hard,emotions,reject,
w_57508aea21,парка,hard,clothing,core,parka
w_52ba81d58d,партер,hard,movies,core,
w_c96b8a50b9,паршива вівця,hard,relationships,reject,
w_3d55733a23,пасаж,hard,places,core,
w_b60443868b,пасивна агресія,hard,behavior,reject,
w_05e1741130,пасинок,hard,family,core,
w_4c4a87589d,пастеризація,hard,science,reject,
w_cf4bf40f7d,пастила,hard,food,core,
w_895fa8ba44,пасхалка,hard,movies,core,
w_d3355644a1,патріарх,hard,professions,core,
w_adb4e11905,пафос,hard,behavior,reject,
w_48e5a10509,пенальті,hard,sports,core,
w_ee8b0d50dc,пензлик,hard,tools,core,
w_a70e20bc9a,первісток,hard,family,core,
w_de04af67bd,перевантаженість,hard,emotions,reject,
w_af7db5ea00,перекладання провини,hard,behavior,reject,
w_331dbfd0a3,перекручування,hard,behavior,reject,
w_1a3fb71217,переманювання,hard,relationships,reject,
w_11593a9feb,перенесення,hard,travel,core,
w_d4ad63579b,переодягання,hard,actions,core,
w_3f17bb472d,перепілка,hard,animals,core,
w_e9e87aeee6,перешийок,hard,nature,core,
w_c5f724b94f,перипетія,hard,abstract,reject,
w_08f8def075,перископ,hard,science,reject,
w_73afff49da,перспектива,hard,abstract,reject,
w_8d6cee821e,першопроходець,hard,people,core,
w_493e2aff99,песець,hard,animals,core,
w_94abb8d6b3,пестициди,hard,science,reject,
w_1b9e81b271,пиляння,hard,actions,core,
w_8b7b6e0341,писання,hard,actions,core,
w_cc67a67660,пихатість,hard,personality,reject,
w_c5d6fc3e9c,підводні камені,hard,abstract,core,
w_ac695f7767,піддавки,hard,games,core,
w_a7baba2e26,підкаблучництво,hard,relationships,reject,
w_32f0a51be5,підкилимна боротьба,hard,relationships,reject,
w_2c8077f2d4,підковдра,hard,home,core,
w_97a1d8838a,підозра,hard,relationships,reject,
w_0ad8954ed3,підсиджування,hard,behavior,reject,
w_287b829bef,підтасовка,hard,behavior,reject,
w_8041c20380,піжмурки,hard,games,core,
w_7572d8662f,пік форми,hard,sports,core,
w_efc30d0f3d,пікет,hard,events,core,
w_d16f7eda84,плагіат,hard,school,core,
w_c4a20841be,плазма,hard,science,reject,
w_aae53eab54,планктон,hard,science,reject,
w_995a904373,плато,hard,nature,core,
w_d1e6c2b611,плашка,hard,tv,core,
w_7f44b440d9,поблажливість,hard,personality,reject,
w_ab624737d2,поверховість,hard,personality,reject,
w_1452407ac9,повітряна яма,hard,travel,core,viter
w_285516cd68,повноліття,hard,holidays,core,
w_2a0a6c767d,повтор ефіру,hard,tv,core,
w_5764fa3661,погладжування кота,hard,actions,core,
w_740de922b5,поглинання,hard,work,core,
w_d84b89232f,погоня,hard,actions,core,
w_d12bf35010,подарункова коробка,hard,holidays,core,paket
w_f4ec341558,подарунковий пакет,hard,holidays,core,paket
w_3ff4e7d3ff,подвійна гра,hard,relationships,reject,
w_0b7187d00a,подвійне дно,hard,abstract,reject,
w_cf0e604ddd,подвійні стандарти,hard,abstract,reject,
w_ba30a47f7c,поїлка,hard,animals,core,
w_1df9715afd,покажчик,hard,travel,core,
w_7057fc9342,показування язика,hard,actions,core,
w_900a88cb09,показуха,hard,behavior,reject,
w_8e998d27fb,покладання квітів,hard,events,core,
w_8975c38055,поклажа,hard,travel,core,
w_b010fdb9e1,покликання,hard,abstract,reject,
w_c72069dfc0,покривання,hard,relationships,reject,
w_106392e212,покрівельник,hard,professions,core,
w_93c2471f93,Покрова,hard,holidays,core,
w_69f22c349c,полив,hard,actions,core,
w_f0542c8429,поліглот,hard,people,core,
w_2a919800b4,політтехнолог,hard,professions,core,
w_39f86ebd2a,поліфонія,hard,music,core,
w_201aaae989,полювання на відьом,hard,behavior,reject,
w_282f901d78,полярна ніч,hard,nature,core,
w_855b2feef8,помпезність,hard,personality,reject,
w_89ffc2f163,понаднормові,hard,work,core,
w_5fa74a5673,поплічник,hard,people,core,
w_0ebbcbcac6,посадка на рейс,hard,travel,core,
w_f1d2a0d39f,потрясіння,hard,emotions,reject,
w_0ef98b7f35,потьомкінські сходи,hard,behavior,core,
w_77f5d7580d,потягування,hard,actions,core,
w_90163ae334,похресник,hard,family,core,
w_53f6cf1dce,почуття власності,hard,relationships,reject,
w_88b614263a,пошук стрілочника,hard,behavior,reject,
w_19e904690e,ППОнеділок,hard,internet,core,ppo_root
w_a61e9a6d57,права рука,hard,relationships,core,
w_48a68f54b1,правнучка,hard,family,core,
w_f45d0287cb,престиж,hard,abstract,reject,
w_1e39c55889,призма,hard,science,reject,
w_6a9a349b97,приквел,hard,movies,core,
w_f1cbc2fcfe,примадонна,hard,movies,core,
w_1880cec517,приписування заслуг,hard,behavior,reject,
w_d49827f076,приреченість,hard,emotions,reject,
w_ff04533f0a,пристойність,hard,personality,reject,
w_bf37368047,присудок,hard,school,core,
w_71943f6407,притча,hard,abstract,reject,
w_9bb2f52ba3,приязнь,hard,relationships,reject,
w_7bc7b9997f,прогалина,hard,abstract,reject,
w_920d5afb99,прозріння,hard,emotions,reject,
w_e3057a0e7e,промивання мізків,hard,behavior,core,
w_30bea7a8b6,пропорція,hard,abstract,reject,
w_966dfd07af,просвітління,hard,emotions,reject,
w_83caad880e,протока,hard,nature,core,
w_3aac80347c,прототип,hard,abstract,reject,
w_01c814592f,професійне вигорання,hard,work,core,
w_2623e54078,профспілка,hard,society,reject,
w_dceb6f9425,процесія,hard,events,core,
w_57edfec6c8,психіатр,hard,professions,core,psy
w_58b1a82ad0,психологічний тиск,hard,behavior,reject,
w_20810cc5e7,публічний осуд,hard,behavior,reject,
w_dddd72b8df,пульверизатор,hard,tools,core,
w_9292c09e1b,пунктуація,hard,school,core,
w_974bd4cc61,пунш,hard,drinks,core,
w_59ad2c861c,пупок,hard,body,core,
w_9f83ab8b60,пускання мильних бульбашок,hard,actions,core,
w_4258cd3dcc,радіоелектронна боротьба,hard,technology,core,
w_3bde6f8616,радісне хвилювання,hard,emotions,reject,
w_c3c81b5e37,рапсодія,hard,music,core,
w_167c331102,раціональність,hard,personality,reject,
w_2d491b280d,реакція хімічна,hard,science,reject,
w_2a7a5adbd4,реаліті-шоу,hard,tv,core,
w_5872702fe9,режим тиші,hard,events,core,
w_51e26f2909,режимний об'єкт,hard,places,core,
w_a955d04988,резонанс,hard,science,reject,
w_bf83126ff4,резус-фактор,hard,science,reject,
w_982bd1522a,реінкарнація,hard,history,reject,
w_44276bf1a1,рейдерство,hard,society,reject,
w_7b1028b751,рекламна пауза,hard,tv,core,reklama
w_64cea904f1,рекламний блок,hard,tv,core,reklama
w_4b4417a1e7,рекрутер,hard,professions,core,
w_df2ad65b92,релігійність,hard,personality,reject,
w_808e9586c1,релокація,hard,work,core,
w_0910915afd,рельєф,hard,nature,core,
w_95399487ef,ремарка,hard,movies,core,
w_7bb3c4a7e6,репарації,hard,society,core,
w_4e6053ea93,республіка,hard,society,reject,
w_3b1f56b208,реставрація,hard,actions,core,
w_28b5860e0c,ретріт,hard,travel,core,
w_21f8ddbe16,ретушування,hard,actions,core,
w_55a4aa5722,реформація,hard,history,reject,
w_7b7310c9a5,речитатив,hard,music,core,
w_ce2d8b8af6,риторика,hard,school,core,
w_e5e4685f76,ріг достатку,hard,abstract,reject,
w_86b5a867c2,рішучість,hard,personality,reject,
w_cfb57efc7a,розбите серце,hard,emotions,core,
w_0dd02bc8e1,розв'язування,hard,actions,core,
w_b99413bc39,розважальне шоу,hard,tv,core,
w_647b44f791,розвішування білизни,hard,actions,core,
w_9cdcc196b1,роздавання карт,hard,actions,core,
w_44b29f5870,роздільна здатність,hard,technology,core,
w_ccaea3f5bf,роздягання,hard,actions,core,
w_145b630fbe,розмінування,hard,events,core,
w_c9538954cf,розпаковування,hard,actions,core,
w_5e17d55c59,розпалювання,hard,actions,core,
w_446152fb53,розпізнавання обличчя,hard,technology,core,
w_0b599b2a2e,розпорядження,hard,work,core,
w_57d83b80a2,розсудливість,hard,personality,reject,
w_82986ad43e,розхлябаність,hard,personality,reject,
w_9acfd90265,розчулення,hard,emotions,reject,
w_3c244b4c0e,рольова гра,hard,games,core,
w_fad4f69965,рубанок,hard,tools,core,
w_c99eb8fb4f,рукостискання,hard,behavior,core,
w_56dddc215a,русскій воєнний корабль,hard,history,core,snake_island
w_faad98b7bb,сабвуфер,hard,technology,core,
w_09e1a05157,сага,hard,abstract,reject,
w_f531a58cfe,садіння,hard,actions,core,
w_175793d240,саксофон,hard,music,core,
w_24f06bae32,самобичування,hard,emotions,reject,
w_40ba667a9f,самодурство,hard,behavior,reject,
w_0f41de48da,саможалість,hard,emotions,reject,
w_b773481381,самоздійснюване пророцтво,hard,abstract,reject,
w_adc1827de4,самонавіювання,hard,actions,core,
w_7cdbfe2ff3,самоосвіта,hard,school,core,
w_cdd1a85ec5,самотність у натовпі,hard,emotions,reject,
w_9deb8d1041,сарі,hard,clothing,core,
w_ebd6b29f20,саркофаг,hard,history,reject,
w_637a8e19a3,саспенс,hard,movies,core,
w_cddc7e1407,свердління,hard,actions,core,
w_69b73439a0,світловий рік,hard,science,reject,
w_5334bfbb9c,своєрідність,hard,personality,reject,
w_b27db4b032,селектор,hard,work,core,
w_59632d2e82,селекція,hard,science,reject,
w_e7751d6987,селера,hard,food,core,
w_d6fe38504e,семпл,hard,music,core,
w_c5cf49693c,серцеїдство,hard,relationships,reject,
w_1f2fc8c79e,силове поле,hard,technology,core,
w_f24ef155ec,симбіоз,hard,science,reject,
w_d218de9ed7,симетрія,hard,abstract,core,
w_e0d6b00b14,синагога,hard,places,core,
w_754fbe3774,синдром відкладеного життя,hard,emotions,reject,
w_154e5718fc,синдром відмінника,hard,emotions,core,
w_955601a3eb,синдром порожнього гнізда,hard,emotions,reject,
w_d68ccba335,синдром рятівника,hard,emotions,reject,
w_afa38d9d15,синдром самозванця,hard,emotions,reject,
w_504128f270,синестезія,hard,abstract,reject,
w_4335bfdf33,синус,hard,school,core,
w_1bcaf2ce5a,синхронізація,hard,technology,core,
w_39f51ae2e5,синхроніст,hard,professions,core,
w_d913a798f3,сірий кардинал,hard,relationships,reject,
w_52e4f5b4ee,сітка мовлення,hard,tv,core,
w_f9db49adae,скакання на скакалці,hard,actions,core,
w_774f484ed0,скептицизм,hard,abstract,reject,
w_3b6ac1f01a,скетч-шоу,hard,tv,core,
w_eb04df270f,складання,hard,actions,core,
w_5ec05eb9fc,скринька Пандори,hard,abstract,core,
w_a04415911f,слалом,hard,sports,core,
w_188f11bc2c,сліпа довіра,hard,relationships,reject,
w_1cc32a9429,сліпа пляма,hard,abstract,reject,
w_209e4c342a,смиренність,hard,personality,reject,
w_0f57e7db11,смичок,hard,music,core,
w_19a3605610,снігур,hard,animals,core,
w_3fee6e2c0c,сойка,hard,animals,core,
w_b444d52de3,солідність,hard,personality,reject,
w_fdb2464f0d,солом'яна вдова,hard,relationships,reject,
w_146024f5d7,сольфеджіо,hard,music,core,
w_ae1180d79b,сонячний вітер,hard,science,reject,
w_4d15b7f78c,соціальний працівник,hard,professions,core,
w_d901e40bf0,соцпакет,hard,work,core,
w_61128b73eb,сочевиця,hard,food,core,
w_b147f3a264,спадковість,hard,science,reject,
w_b4bbe267fd,спантеличення,hard,emotions,reject,
w_6a285db050,спектр,hard,science,reject,
w_ecffc35c53,спекуляція,hard,society,reject,
w_1f49f40048,співучасть,hard,relationships,reject,
w_e775a4d2e1,спін-оф,hard,tv,core,
w_8cd6edad12,спіритизм,hard,abstract,reject,
w_232c1df9e5,спічрайтер,hard,professions,core,
w_fb8ed7c72a,спокута,hard,abstract,reject,
w_c2bb48d692,спонтанність,hard,personality,reject,
w_ffd74db0c4,споріднена душа,hard,relationships,core,
w_b074c5b69d,спостережливість,hard,personality,reject,
w_507c39d1b8,справедливість,hard,personality,reject,
w_1ea8f7e0b8,спуск на воду,hard,events,core,
w_2fde87385e,стамеска,hard,tools,core,
w_5e8aeb5a85,стан афекту,hard,emotions,reject,
w_9dc9440739,стан потоку,hard,emotions,reject,
w_ee287cf462,старанність,hard,personality,reject,
w_800aedf2f7,Старий Новий рік,hard,holidays,core,
w_29f7727983,старійшина,hard,people,core,
w_b77d6c2a14,стеження,hard,behavior,reject,
w_6ecd128c64,стелс,hard,technology,core,stels
w_2a455b4d64,стилус,hard,technology,core,
w_a511564df3,стирання,hard,actions,core,
w_cdb17daf99,стовбурові клітини,hard,science,reject,
w_6adf8f658a,стокгольмський синдром,hard,emotions,reject,
w_2c4409dc02,стоп-моушн,hard,movies,core,
w_988b9a685c,стоповер,hard,travel,core,
w_9ddd049a6e,стрибки з трампліна,hard,sports,core,jump
w_b74c5e5cdd,стрибки у висоту,hard,sports,core,jump
w_1fd78f6f6c,стрибки у воду,hard,sports,core,jump
w_9dafc671c5,струбцина,hard,tools,core,
w_73e08b3a7b,стукання у двері,hard,actions,core,
w_784084e330,ступор,hard,emotions,reject,
w_934ad5945a,стьоб,hard,behavior,reject,
w_2946842683,сум'яття,hard,emotions,reject,
w_3e17c08a21,сумбур,hard,emotions,reject,
w_49f0f15ef0,сумісність,hard,relationships,reject,
w_af652ca3ac,супернова,hard,science,reject,
w_51e3ac462b,сутінки,hard,nature,core,
w_b78e9ab45e,табун,hard,animals,core,
w_1a47ff4d09,такс-фрі,hard,travel,core,
w_f1535cd7e3,Тарас Чмут,hard,people,core,
w_ccf3a201f5,театральщина,hard,behavior,reject,
w_daea74ee53,телекінез,hard,abstract,reject,
w_e1b400dec4,телемарафон,hard,tv,core,tele
w_60154fb753,телемедицина,hard,technology,core,tele
w_e52e315fef,телеміст,hard,tv,core,tele
w_2d69612d40,телемовлення,hard,tv,core,tele
w_66fbd360a7,телепатія,hard,abstract,reject,
w_421a1fac71,телепортація,hard,technology,core,tele
w_18d4db247b,темна матерія,hard,science,reject,
w_e415e493c3,теорія,hard,science,reject,
w_498fe7466f,терикон,hard,places,core,
w_2608996686,тесляр,hard,professions,core,
w_be8b120834,тіньовий бан,hard,internet,core,
w_34f8053e67,ткемалі,hard,food,core,
w_96b2a2a368,товариськість,hard,personality,reject,
w_76871affb7,томління,hard,emotions,reject,
w_4b276a27ea,томограф,hard,technology,core,
w_06e2bce724,торрент,hard,internet,core,
w_afff9a9fb9,торф,hard,nature,core,
w_e8e1ca49ad,тоталізатор,hard,games,core,
w_2eadf4d21c,тотальний контроль,hard,relationships,reject,
w_5501086b29,тотем,hard,history,core,
w_4d995d3b39,точка неповернення,hard,abstract,reject,
w_ba2e9e16fc,траєкторія,hard,science,reject,
w_23046ac033,транс,hard,emotions,core,
w_dd0d7ee464,трансплантація,hard,actions,core,
w_ddf965371f,транспортний вузол,hard,places,core,
w_423b1d5c65,тривимірний друк,hard,technology,core,
w_d8186ab6b5,трипілля,hard,history,reject,
w_99516f1255,тріумвірат,hard,history,reject,
w_f434ce132a,трудоголізм,hard,personality,reject,
w_27f0719799,трущоби,hard,places,core,
w_a36a3f216a,тукан,hard,animals,core,
w_732b34f40c,туманність,hard,science,reject,
w_ce04d03b6c,тупотіння,hard,actions,core,
w_b8522fb79d,турбулентність,hard,science,reject,
w_1cb35559f1,увертюра,hard,music,core,
w_10326be7e9,удар у спину,hard,relationships,core,
w_550e688406,унія,hard,history,reject,
w_53c64cb0e0,уражене самолюбство,hard,emotions,reject,
w_c7258335d3,урочистість,hard,holidays,core,
w_27e4aaa12e,усиновитель,hard,family,core,
w_4395a62ba9,утаювання,hard,relationships,reject,
w_080d9c1c59,утопія,hard,abstract,reject,
w_a029744d39,фаворитизм,hard,relationships,reject,
w_6145b26a47,факультатив,hard,school,core,fakult
w_1e1f8ea530,фаталізм,hard,abstract,reject,
w_03eeb045ee,фейр-плей,hard,sports,core,
w_5e61cca386,фінансова піраміда,hard,society,reject,
w_34f4420daa,фіорд,hard,nature,core,
w_f77ec9c72c,флора,hard,nature,core,
w_cf5b218d07,форпост,hard,places,core,
w_b0148046c6,фотосинтез,hard,science,reject,
w_57613e69b3,фуга,hard,music,core,
w_d20df67b75,функціонер,hard,professions,core,
w_8846de61aa,хазяйновитість,hard,personality,reject,
w_5775ef8b9f,харизма,hard,personality,reject,
w_ebcef8cfc5,харчовий ланцюг,hard,nature,core,
w_21acdc00bb,хештег у пості,hard,internet,core,
w_e9119ab375,хибне коло,hard,abstract,reject,
w_1911ea5e8e,хімера,hard,abstract,reject,
w_574c983098,хіпстер,hard,people,core,
w_8f0a964af0,хлопавка,hard,holidays,core,
w_178beee140,ходіння навшпиньках,hard,actions,core,
w_d65f03edf2,холестерин,hard,science,reject,
w_43c07a2780,хромосома,hard,science,reject,
w_e45adc00c1,цвіт папороті,hard,holidays,core,
w_f17000fa83,цей день настав,hard,internet,core,
w_2d2be5630d,целібат,hard,history,reject,
w_803381fe5f,цивілізація,hard,history,reject,
w_fef844fc62,цілеспрямованість,hard,personality,reject,
w_8da2cf00ab,чадний газ,hard,science,core,
w_7959e21f3c,чапаєв,hard,games,core,
w_a894490dd6,частота,hard,science,reject,
w_d18ad55ccf,чвари,hard,relationships,reject,
w_bf474cef12,чвертьфінал,hard,sports,core,
w_e3b8633b4b,чебрець,hard,food,core,
w_cbe28e0943,червоний день календаря,hard,holidays,core,kalyna_song
w_8797bf400f,четверта стіна,hard,movies,core,
w_33e1d33205,чіт-код,hard,games,core,
w_36678aa6df,Чмоня,hard,people,core,
w_9cce6a83f7,чокання,hard,actions,core,
w_fa708caebc,чорний ящик,hard,technology,core,black
w_76a3aa64ce,чужий серед своїх,hard,relationships,reject,
w_dc144acfae,чужий сором,hard,emotions,reject,
w_5842e1c6c8,шарлатанство,hard,behavior,reject,
w_2b98369be0,шахеди в повітрі,hard,events,core,shahed_root
w_312d7e7a56,шахіст,hard,professions,core,shah
w_39996efc2e,швидкість світла,hard,science,reject,
w_bfe977cce4,шельф,hard,nature,core,
w_40a0775408,шиншила,hard,animals,core,
w_ec896cadcd,шкала Ріхтера,hard,science,reject,
w_03012674d2,шлюб за розрахунком,hard,relationships,reject,
w_86bf1d9038,шлюбна обітниця,hard,relationships,reject,
w_4025d9775d,шлягер,hard,music,core,
w_58de1b5058,яблуко розбрату,hard,abstract,reject,
w_05f078e1b5,ядро землі,hard,science,core,
w_72a1f7f7fe,язичництво,hard,history,reject,
w_4b369ec8d5,nfc,hard,technology,core,
w_0f3c2fc696,qr-код,hard,technology,core,
w_2b9c7dff74,SSD,hard,technology,core,
w_2ebf25d1dd,футболіст,easy,professions,pack,football_root
w_17e1e689f1,банкрутство,medium,work,pack,
w_515907d247,гороскоп,medium,abstract,reject,
w_a26f01a23f,відносність,hard,science,reject,
w_0bfed5621d,ерозія,hard,nature,pack,
w_3a04cfdfa1,кристалізація,hard,science,reject,
w_a35ecc2df6,мутація,hard,science,reject,
w_80f497e651,нейрон,hard,science,reject,
w_73e5fec0c8,протон,hard,science,reject,
w_cb7c4797f4,ферментація,hard,science,reject,
w_4ba3432899,акторка,easy,movies,reject,
w_66880ebf7d,апельсиновий сік,easy,drinks,reject,
w_eff4c14dee,вай-фай,easy,technology,reject,
w_7866326973,варіння,easy,actions,reject,
w_bfbfbf8987,веб-камера,easy,technology,reject,
w_ec62f4db05,велосипедки,easy,clothing,reject,
w_8bece7d158,виборець,easy,society,reject,
w_00eb46e619,виноградар,easy,professions,reject,
w_529bfb8705,відмикання,easy,actions,reject,
w_ff3ad05db3,галка,easy,animals,reject,
w_ce892abfb0,галька,easy,nature,reject,
w_6018d2078e,годинникар,easy,professions,reject,
w_00d6c6ac50,голосування,easy,society,reject,
w_3f89ea7f2c,груди,easy,body,reject,
w_525cda1988,депутат,easy,professions,reject,
w_da65981fde,дзвіночок,easy,home,reject,
w_88d376cc18,дитинча,easy,animals,reject,
w_6cf92aec49,дівчинка,easy,people,reject,
w_36d13aa13a,забій,easy,body,reject,
w_c3ad769552,квіткар,easy,professions,reject,
w_af3dede866,колонки,easy,music,reject,
w_eca6de7286,м'ячик,easy,sports,reject,
w_c84b8a6a08,магазинчик,easy,places,reject,
w_cf019318ac,математик,easy,professions,reject,
w_7277c7abea,міністр,easy,professions,reject,
w_b1274e7cb8,накладна,easy,work,reject,
w_9f3ced6ad4,нарізання,easy,actions,reject,
w_d5bba75b05,партія,easy,society,reject,
w_8326bb042f,перебивання,easy,behavior,reject,
w_707c027704,пірамідка,easy,games,reject,
w_950f0e7666,пожежна,easy,places,reject,
w_6aefa3a436,посол,easy,professions,reject,
w_5e1dd8b408,похорони,easy,events,reject,
w_e0d547d629,президент,easy,professions,reject,
w_f55f64fe72,програмка,easy,movies,reject,programka
w_a99a9a1b93,ремонтник,easy,professions,reject,
w_1d37fdeebb,розрада,easy,emotions,reject,
w_2e4767fc27,романс,easy,music,reject,
w_d868e45dcb,ропуха,easy,animals,reject,
w_b600276dd4,рукопожаття,easy,actions,reject,
w_740ea3d762,самітник,easy,people,reject,
w_ab3e73a516,самостійна,easy,school,reject,
w_5f9c783677,сарана,easy,animals,reject,
w_aa80ef117a,свекор,easy,family,reject,
w_e74c1e0aa2,свекруха,easy,family,reject,
w_7ed1f2a696,селезень,easy,animals,reject,
w_906a8b6efd,ситком,easy,tv,reject,
w_3f770811bf,скріпка,easy,tools,reject,
w_c557dc2145,сльоза,easy,body,reject,
w_8b19dbf5ca,смарт-годинник,easy,technology,reject,
w_778997c184,смерть,easy,abstract,reject,
w_3a1b8d4457,солдат,easy,professions,reject,
w_fdc8d42f00,солдатик,easy,games,reject,
w_935602ff76,столик,easy,home,reject,
w_2890015366,тамбурин,easy,music,reject,
w_f45239ba20,танграм,easy,games,reject,
w_45ede6c44d,танк,easy,transport,reject,
w_39a82d81ea,тарілки,easy,music,reject,
w_7fd5b568b5,татами,easy,sports,reject,
w_8e8ce7a553,теленовини,easy,tv,reject,
w_42984153f2,телесезон,easy,tv,reject,
w_3d538f5293,телефільм,easy,tv,reject,
w_7919852788,теля,easy,animals,reject,
w_763adbc6a8,тенісист,easy,professions,reject,
w_fdb0ce878c,толока,easy,events,reject,
w_2b281780b6,труди,easy,school,reject,
w_57bb504b4b,уряд,easy,society,reject,
w_75e7d82144,файлик,easy,school,reject,
w_3298528e03,фенек,easy,animals,reject,
w_6dad633c53,фізик,easy,professions,reject,
w_2e7db2f43b,хімік,easy,professions,reject,
w_4f16a3e784,цвинтар,easy,places,reject,
w_40d9e18c21,цесарка,easy,animals,reject,
w_67af981af8,черниця,easy,professions,reject,
w_366a24ee22,честність,easy,personality,reject,
w_2cc56af3ee,шахта,easy,places,reject,
w_a4173598e0,як,easy,animals,reject,
w_71fc2fee5a,ялівець,easy,nature,reject,
w_9408cd742e,автономія,medium,society,reject,
w_3ae40a9407,агітація,medium,society,reject,
w_527a9738bc,акциз,medium,society,reject,
w_d33450a9b3,апеляція,medium,society,reject,
w_21c2391cec,аплодисменти,medium,movies,reject,
w_44fedb338a,асамблея,medium,events,reject,
w_46c19b2136,асортимент,medium,work,reject,
w_c9ab7bcef8,безперебійник,medium,technology,reject,
w_d5eea9bc06,бієнале,medium,events,reject,
w_9f326f665d,блокада,medium,events,reject,
w_f8212c2320,бюлетень,medium,society,reject,
w_cfcf438814,версія,medium,abstract,reject,
w_b35418ff80,вето,medium,society,reject,
w_4d00cdc721,визволення,medium,history,reject,
w_f0cf94c078,висновок,medium,abstract,reject,
w_dc31b33f09,відомство,medium,society,reject,
w_a83758a4f3,відстрочка,medium,society,reject,
w_164875cd10,відшивання,medium,behavior,reject,
w_698fdefae0,військкомат,medium,society,reject,
w_a907bb3c4a,впн,medium,internet,reject,
w_2575bb86fc,гарантія,medium,work,reject,
w_0496bb605d,генерал,medium,professions,reject,
w_0dd48118d7,генетик,medium,professions,reject,
w_2c7c997cf9,гігабайт,medium,technology,reject,
w_c98d3843a9,гопник,medium,people,reject,
w_b9cdc00732,господарство,medium,work,reject,
w_da493125fe,декламація,medium,actions,reject,
w_a2d4b028f9,делегація,medium,society,reject,
w_74244f85f3,дефіцит,medium,society,reject,
w_deb78f04e0,диверсія,medium,events,reject,
w_a6a9dac5de,дискримінація,medium,society,reject,
w_08e1d847fc,добробут,medium,work,reject,
w_773d6ad86f,доброволець,medium,people,reject,
w_cb693fd97a,елемент,medium,abstract,reject,
w_6f93da01ff,естетика,medium,abstract,reject,
w_fff537be0f,ефект,medium,abstract,reject,
w_13d887d326,євроінтеграція,medium,society,reject,
w_dfadab7312,живий ланцюг,medium,events,reject,
w_23dff2796d,замітка,medium,work,reject,
w_a3a495506c,імпічмент,medium,society,reject,
w_020712abc2,інвалідність,medium,society,reject,
w_9d22c917bf,інвертор,medium,technology,reject,
w_25077bc16a,індексація,medium,society,reject,
w_fef27071ad,інквізиція,medium,history,reject,
w_a8eefd4408,кандидат,medium,society,reject,
w_225dcb1475,капітуляція,medium,events,reject,
w_e68027e7e1,кваліфікація,medium,work,reject,
w_dcd67a6415,кібербулінг,medium,internet,reject,
w_141ee922e7,кілер,medium,people,reject,
w_9e87842e59,кліка,medium,relationships,reject,
w_93fbd37c78,коаліція,medium,society,reject,
w_39ee03685b,комітет,medium,society,reject,
w_12d53b2fe8,конвенція,medium,society,reject,
w_c4ada2fed6,конгрес,medium,society,reject,
w_8343f47a46,кремація,medium,events,reject,
w_3054d61fce,кріпацтво,medium,history,reject,
w_9db16ea5bd,крушення,medium,events,reject,
w_5597635c39,курсова,medium,school,reject,
w_d23d494fa7,мандат,medium,society,reject,
w_3e6790407d,масове отруєння,medium,events,reject,
w_dd2eebee8c,меншина,medium,society,reject,
w_251c8bbece,мораторій,medium,society,reject,
w_17af384040,нато,medium,society,reject,
w_c344655077,націоналізація,medium,society,reject,
w_405c27c316,національна жалоба,medium,events,reject,
w_4d51156387,нейтралітет,medium,society,reject,
w_d54653c75f,окупація,medium,history,reject,
w_e8a170d52e,омбудсмен,medium,society,reject,
w_3856058b75,онколог,medium,professions,reject,
w_3719c48800,оон,medium,society,reject,
w_45b69107a7,опозиція,medium,society,reject,
w_bf85629e2c,осбб,medium,society,reject,
w_4247a82043,офіцер,medium,professions,reject,
w_8ab850cd05,панахида,medium,events,reject,
w_1ab25ebe72,парламент,medium,society,reject,
w_1aa2c898ed,пдв,medium,society,reject,
w_9fa0f372a2,переворот,medium,society,reject,
w_cf259cc4f1,переживання,medium,emotions,reject,
w_4560643f1a,підприємство,medium,work,reject,
w_6914c9a027,плітка,medium,behavior,reject,
w_0c7d59db8d,повістка,medium,society,reject,
w_bb75beafef,політика,medium,society,reject,
w_987a0d553a,полон,medium,history,reject,
w_dd4b679478,поминки,medium,events,reject,
w_2dc6d284c8,попап,medium,internet,reject,
w_2c86ddb785,пояснювальна,medium,work,reject,
w_bb5477253d,прес-тур,medium,events,reject,
w_cea72ad967,приватизація,medium,society,reject,
w_1575110c39,призов,medium,society,reject,
w_0c9763b694,прохідна,medium,work,reject,
w_5933053144,прохідний бар'єр,medium,society,reject,
w_2a4bd74550,прошивка,medium,technology,reject,
w_54ff3178e5,рабство,medium,history,reject,
w_20f2ba18e9,расизм,medium,society,reject,
w_91bbcdf3f2,рацс,medium,society,reject,
w_7992ddfc12,регламент,medium,society,reject,
w_a94dde9550,різьбяр,medium,professions,reject,
w_6ea34cbb01,розніженість,medium,emotions,reject,
w_8361c90e77,розрядка,medium,emotions,reject,
w_9cc1424ed0,самвидав,medium,history,reject,
w_cc09d7e4d1,саміт,medium,society,reject,
w_7ca1c01bea,самовисування,medium,society,reject,
w_4c183c963f,самопіар,medium,behavior,reject,
w_f881a88f78,Санкт-Петербург,medium,cities,reject,
w_a33ed45832,сбу,medium,society,reject,
w_93bb23f446,свінг,medium,music,reject,
w_2648ccf239,сексизм,medium,society,reject,
w_d2abb3719f,сенат,medium,society,reject,
w_969b2d0f40,сентимент,medium,emotions,reject,
w_d7ceb2db6c,симпозіум,medium,events,reject,
w_abf05e36b4,скнара,medium,people,reject,
w_41043541ad,слухання,medium,events,reject,
w_9a43a4fd9f,сноб,medium,people,reject,
w_f51226641b,спікер,medium,society,reject,
w_28c7fd14c1,стакато,medium,music,reject,
w_02cb46571d,сталактит,medium,nature,reject,
w_361a3d74ad,статут,medium,society,reject,
w_d38bab570e,стетоскоп,medium,body,reject,
w_f1f2a8416e,Стокгольм,medium,cities,reject,
w_bcf4adb376,Стрітення,medium,holidays,reject,
w_3f5167645e,сумісництво,medium,work,reject,
w_70e500136b,теленовела,medium,tv,reject,
w_16a6cd8b02,термопістолет,medium,tools,reject,
w_100f296560,торгування,medium,actions,reject,
w_16c32043c4,трюмо,medium,home,reject,
w_25a14ce1a1,угодництво,medium,behavior,reject,
w_be14d8f3e3,указ,medium,society,reject,
w_771518ceb4,факельна хода,medium,events,reject,
w_26dbdd96df,фарс,medium,movies,reject,
w_04f1bbbd6d,фемінізм,medium,society,reject,
w_ec280835a4,фракція,medium,society,reject,
w_b61e497bd3,фрамуга,medium,home,reject,
w_f90fb69b03,хартія,medium,society,reject,
w_3ce60cdf92,хейтер,medium,internet,reject,
w_051c2d43b7,хіть,medium,emotions,reject,
w_6032228c7c,хоспіс,medium,places,reject,
w_d42af54ee3,цензура,medium,society,reject,
w_d8fec8dfb8,цнап,medium,society,reject,
w_b14056a983,чиновник,medium,professions,reject,
w_7dcc0bbb7f,шинель,medium,clothing,reject,
w_d6c7583bc8,шльовка,medium,clothing,reject,
w_ae5762065b,щем,medium,emotions,reject,
w_89d87467d4,ябедництво,medium,behavior,reject,
w_d9b04976eb,абсолютизм,hard,history,reject,
w_d2e97ac655,абстракція,hard,abstract,reject,
w_b16f76d8ff,автентичність,hard,personality,reject,
w_38a055edd6,автокорекція,hard,technology,reject,
w_c06958fc33,автоматизація,hard,technology,reject,
w_dbe3cc5ee9,авторитарність,hard,personality,reject,
w_b0b7788f7f,агломерація,hard,places,reject,
w_82b3a6e249,агностицизм,hard,abstract,reject,
w_57a4ab0450,агонія,hard,emotions,reject,
w_c9b9f0ff75,адмінресурс,hard,society,reject,
w_34b72293a0,азбест,hard,science,reject,
w_1fb1819340,айпі-адреса,hard,technology,reject,
w_e3d2310e92,акваторія,hard,places,reject,
w_e57b921237,акредитація,hard,society,reject,
w_84eb805eb7,аксіома,hard,science,reject,
w_5fb233242e,амортизація,hard,work,reject,
w_18dc9886ff,аналітик,hard,professions,reject,
w_ca745db24a,анархія,hard,society,reject,
w_177fe78a95,анахронізм,hard,history,reject,
w_ed86fc1544,анексія,hard,society,reject,
w_e33fa972c8,анулювання,hard,actions,reject,
w_12b9be2df5,апартеїд,hard,society,reject,
w_67d49598e2,апокриф,hard,abstract,reject,
w_d652bfecf9,апологія,hard,behavior,reject,
w_15d3f47a57,арбітраж,hard,work,reject,
w_d45c491b67,архаїзм,hard,abstract,reject,
w_ac054c6a30,асиміляція,hard,society,reject,
w_298a26d620,атрофія,hard,science,reject,
w_d79cc600d4,багатозадачність,hard,technology,reject,
w_36d4f742f3,бенефіціар,hard,society,reject,
w_6c5d1ace99,біопсія,hard,actions,reject,
w_a57ebc1493,біоритм,hard,science,reject,
w_0a51376025,біорізноманіття,hard,science,reject,
w_cb723ae80d,біосфера,hard,science,reject,
w_21a87c97a3,біохімія,hard,science,reject,
w_67aa2bc5ee,благоустрій,hard,actions,reject,
w_027ce0f0fa,богемність,hard,personality,reject,
w_8a67a78aa3,брандмауер,hard,technology,reject,
w_13b89135aa,буржуа,hard,people,reject,
w_9fef85d555,буття,hard,abstract,reject,
w_4e2af3379b,буферизація,hard,technology,reject,
w_0cfb17f9b9,вахта пам'яті,hard,events,reject,
w_2f8ddfd5de,ввп,hard,society,reject,
w_148d432608,вексель,hard,work,reject,
w_a80577c39f,великі дані,hard,technology,reject,
w_440f9f9a30,верстка,hard,actions,reject,
w_0a6659c55a,витік даних,hard,internet,reject,
w_f2497186d3,візуалізація,hard,actions,reject,
w_cc63cc586a,вільнодумство,hard,personality,reject,
w_e5e3a1c2fe,волатильність,hard,work,reject,
w_4ce2273dbd,волюнтаризм,hard,behavior,reject,
w_074362a773,вотум недовіри,hard,society,reject,
w_645e445c99,вуглецевий слід,hard,science,reject,
w_3bd2980472,геноцид,hard,society,reject,
w_cdb1db73da,гібридна війна,hard,society,reject,
w_f91ced514e,гласність,hard,history,reject,
w_ddcf9c7873,глибокодумність,hard,personality,reject,
w_8a1d22f070,глобалізація,hard,society,reject,
w_8cfbb11b25,голодування,hard,events,reject,
w_12e1d42e6b,гостьовий шлюб,hard,relationships,reject,
w_c406e9665f,губернатор,hard,professions,reject,
w_d7ffd7d60c,гуманізм,hard,history,reject,
w_2f83cc1af6,гуманітаризм,hard,society,reject,
w_2fd4e0f896,гуманітарний коридор,hard,events,reject,
w_a23392e795,двоємислення,hard,behavior,reject,
w_1ae5afd42f,девальвація,hard,society,reject,
w_15f91fc46d,деградація,hard,abstract,reject,
w_7a93533e06,дедукція,hard,abstract,reject,
w_fba2fcaee3,дезінформація,hard,society,reject,
w_785b7afbe9,декомунізація,hard,society,reject,
w_40911a0500,демографія,hard,society,reject,
w_e89de7aea6,демонізація,hard,behavior,reject,
w_1eac38f0b5,деморалізація,hard,emotions,reject,
w_b3ce85e222,демпінг,hard,work,reject,
w_330b2a315a,деномінація,hard,society,reject,
w_1590111a17,дивіденд,hard,work,reject,
w_a2c5c35553,дисбаланс,hard,abstract,reject,
w_655f900c38,дисидентство,hard,history,reject,
w_504c63ce29,дискредитація,hard,behavior,reject,
w_d01dec4327,диференціал,hard,science,reject,
w_98ede495b2,дифірамб,hard,behavior,reject,
w_c1a03533ff,діалектика,hard,abstract,reject,
w_99f4f33c69,дідівщина,hard,relationships,reject,
w_8ae7c2cac0,діловодство,hard,work,reject,
w_f7c128b784,дозування,hard,actions,reject,
w_bfc673c718,дотація,hard,society,reject,
w_f606f4cc8f,драйвер,hard,technology,reject,
w_0c655ab50e,евфемізм,hard,abstract,reject,
w_92eb67c0af,еквівалент,hard,abstract,reject,
w_6aed00c12d,екзальтація,hard,emotions,reject,
w_af33086bdb,екзитпол,hard,society,reject,
w_c034b3418f,еклектика,hard,abstract,reject,
w_1aa5f55799,експансія,hard,society,reject,
w_3d304c500d,екстрадиція,hard,society,reject,
w_5e64346c6d,екстремізм,hard,society,reject,
w_e468330b35,електроліт,hard,science,reject,
w_6d2fd93efd,еллінізм,hard,history,reject,
w_996288f7ab,Ель-Ніньйо,hard,science,reject,
w_3c64761b49,емансипація,hard,history,reject,
w_155cb5f6e7,ембарго,hard,society,reject,
w_b567877f4d,емісія,hard,work,reject,
w_d6c23085c3,епіграма,hard,abstract,reject,
w_7b4d2930a6,ергономіка,hard,work,reject,
w_af429baa91,ерудиція,hard,abstract,reject,
w_4b16d3f471,ескалація,hard,society,reject,
w_a71fb5a6a6,жовчність,hard,personality,reject,
w_7f61f684bf,закладка каменю,hard,events,reject,
w_f143e4cbd4,заколот,hard,events,reject,
w_d611aa9839,зашореність,hard,personality,reject,
w_fe86f2f426,зваблення,hard,relationships,reject,
w_b0117febd7,звинувачення жертви,hard,behavior,reject,
w_b0a442c182,землевпорядник,hard,professions,reject,
w_fb234f4929,земляцтво,hard,relationships,reject,
w_ef154f8fc0,ідеологізація,hard,behavior,reject,
w_d2cb8e26a0,ізотоп,hard,science,reject,
w_e99ab58f86,імплантація,hard,actions,reject,
w_3491fbeac8,імплементація,hard,society,reject,
w_f21bc84d69,імпозантність,hard,personality,reject,
w_663c5ddaad,імунізація,hard,science,reject,
w_1295ebaedf,інвазивний вид,hard,science,reject,
w_658b6247f1,індукція,hard,science,reject,
w_4fd89ce5fe,індустріалізація,hard,history,reject,
w_6fb77e36ac,інертність,hard,science,reject,
w_7e6adc645a,інкрустація,hard,actions,reject,
w_037e521fe7,інновація,hard,technology,reject,
w_90e050d799,інсинуація,hard,behavior,reject,
w_6ba4759383,інтервенція,hard,society,reject,
w_66c9aa28a5,інтерпретація,hard,abstract,reject,
w_277ff4bb36,інтимність,hard,relationships,reject,
w_2be1ee3f19,інтуїтивність,hard,abstract,reject,
w_a8c4ed205f,інформаційна війна,hard,society,reject,
w_c95efd540b,інфошум,hard,internet,reject,
w_ac3b8860d1,істеблішмент,hard,people,reject,
w_f8c4c1b8d6,кадастр,hard,society,reject,
w_3af9e14c7f,каденція,hard,music,reject,
w_69da46528d,кадровик,hard,professions,reject,
w_f0b0414b05,калька,hard,abstract,reject,
w_fca2ed9156,канонізація,hard,events,reject,
w_532763d71d,капіталізм,hard,society,reject,
w_80acf3f53d,картель,hard,society,reject,
w_bff10983bf,касація,hard,society,reject,
w_5dcff767b6,каста,hard,history,reject,
w_5b426942ec,каталізатор,hard,science,reject,
w_c2be558b5d,категоричність,hard,abstract,reject,
w_d4f2a01ddc,кворум,hard,society,reject,
w_e32d9a682e,клановість,hard,relationships,reject,
w_debd6d41f2,класифікація,hard,science,reject,
w_86c9ec71d9,ключові показники,hard,work,reject,
w_180273c73e,колабораціонізм,hard,society,reject,
w_8550175d01,колективна травма,hard,emotions,reject,
w_8bdfdb6c5e,колонізація,hard,history,reject,
w_c0bed7e6f5,компенсація,hard,work,reject,
w_15db062d71,компіляція,hard,behavior,reject,
w_b69aa5cf88,комплекс жертви,hard,emotions,reject,
w_8e80db194a,консенсус,hard,society,reject,
w_a6511d4790,консерватизм,hard,society,reject,
w_b1c179bbcb,константа,hard,abstract,reject,
w_c3c9579c44,конфігурація,hard,technology,reject,
w_47d4f50f89,конфронтація,hard,society,reject,
w_97a8d7a287,концепція,hard,abstract,reject,
w_5823d660b0,концерн,hard,work,reject,konvert
w_64e8717727,концесія,hard,society,reject,
w_28dcd9d3a1,кореляція,hard,science,reject,
w_4baa058cf8,корифей,hard,people,reject,
w_091474a702,космополіт,hard,people,reject,
w_ca24650f6d,кровна помста,hard,relationships,reject,
w_f1f8c7225f,кругова порука,hard,relationships,reject,
w_69d1c7ebf0,культ особи,hard,history,reject,
w_b98f1539ac,легалізація,hard,society,reject,
w_3e5bebcbdb,легітимність,hard,society,reject,
w_ab733d31da,лібералізм,hard,society,reject,
w_76ecfdadb7,ліквідність,hard,work,reject,
w_3a7bb57e6a,літосфера,hard,science,reject,
w_d4b457a015,літота,hard,abstract,reject,
w_5f12fa9bc9,лобізм,hard,society,reject,
w_f169875ad7,локалізація,hard,technology,reject,
w_dbfe895eae,люстрація,hard,society,reject,
w_cce5d2916d,мажоритарка,hard,society,reject,
w_4228c4ae3c,маргінал,hard,people,reject,
w_ade3ff3a10,мародерство,hard,behavior,reject,
w_f7fda44589,матеріалізм,hard,abstract,reject,
w_81ff2b482e,машинопис,hard,actions,reject,
w_ed0db2f29a,мвф,hard,society,reject,
w_93904a1037,мезальянс,hard,relationships,reject,
w_11e35f65ad,методологія,hard,science,reject,
w_aa845bcd75,миротворча місія,hard,events,reject,
w_ed6b3fae48,мікроорганізм,hard,science,reject,
w_f9919fcbb3,міщанство,hard,personality,reject,
w_8bdb8e4055,мобілізація,hard,events,reject,
w_e32669f89c,моральна травма,hard,emotions,reject,
w_d86f3fa100,мракобісся,hard,behavior,reject,
w_5a87cab935,набу,hard,society,reject,
w_cc8314e2ff,наглядова рада,hard,work,reject,
w_7ff11dcea2,надпровідність,hard,science,reject,
w_27fe403113,напівпровідник,hard,technology,reject,
w_95c20b00ca,наратив,hard,abstract,reject,
w_5d7ab430c9,національне відродження,hard,history,reject,
w_2912705bf2,негласна домовленість,hard,relationships,reject,
w_fef4ae2d4e,нейтралізація,hard,science,reject,
w_4ab52aa37e,неологізм,hard,abstract,reject,
w_e1fa7a3340,непримиренність,hard,personality,reject,
w_270713d7c2,непритязаність,hard,personality,reject,
w_31afe88de1,низькопоклонство,hard,behavior,reject,
w_d517ff50f0,ніщо,hard,abstract,reject,
w_de3935f252,номенклатура,hard,society,reject,
w_41449da34d,ноу-хау,hard,work,reject,
w_4fa3597c1d,нувориш,hard,people,reject,
w_45a11beb51,обвал шахти,hard,events,reject,
w_8d3eba1cee,обиватель,hard,people,reject,
w_af9766073c,облігація,hard,work,reject,
w_ffd6540f84,обмін полоненими,hard,events,reject,
w_da76278640,обструкція,hard,behavior,reject,
w_e7845313cc,окупність,hard,work,reject,
w_3ce59288dd,олігархія,hard,society,reject,
w_0e49972e9c,омонім,hard,abstract,reject,
w_a6a20c9783,опортунізм,hard,personality,reject,
w_4e3ed02035,оптимізація,hard,technology,reject,
w_ba335c6b3b,оферта,hard,work,reject,
w_5ce1233037,офшор,hard,society,reject,
w_081a914136,оцифрування,hard,technology,reject,
w_7462158d84,п'ята колона,hard,society,reject,
w_5f746ddfee,п'ятирічка,hard,history,reject,
w_632f7ebb99,пакт,hard,society,reject,
w_10135c5152,паплюження,hard,behavior,reject,
w_7bdf73cbd7,паронім,hard,abstract,reject,
w_8fe9bcff2c,патерналізм,hard,relationships,reject,
w_d06eb884a2,патологоанатом,hard,professions,reject,
w_b15bd19c2e,патріархат,hard,history,reject,
w_435eb0b97f,пацифіст,hard,people,reject,
w_788e9a994d,перебіжчик,hard,people,reject,
w_12a4b26f84,перебудова,hard,history,reject,
w_717a7d7c64,перепоховання,hard,events,reject,
w_11a768201a,персона нон грата,hard,society,reject,
w_8cf704b725,пієтет,hard,emotions,reject,
w_aa7052584a,ПЛР,hard,science,reject,
w_ded2e51f77,позиціонування,hard,work,reject,
w_4dea33aab9,полімер,hard,science,reject,
w_0f808ec805,політв'язень,hard,people,reject,
w_a3d5f6715b,політкоректність,hard,behavior,reject,
w_4f9c3315bf,полярність,hard,science,reject,
w_4c7523b5c1,популізм,hard,society,reject,
w_0db23114c3,постулат,hard,abstract,reject,
w_8647755702,правозахисник,hard,professions,reject,
w_d5b3cf1ec7,прецедент,hard,society,reject,
w_aea94505eb,приписки,hard,behavior,reject,
w_deb56dd2df,програма-вимагач,hard,technology,reject,
w_6beab79b7d,прожектерство,hard,behavior,reject,
w_ee05a5f52d,пронозливість,hard,personality,reject,
w_07ddc9af45,простій,hard,work,reject,
w_c2f7793143,профанація,hard,abstract,reject,
w_203a9998cf,профорієнтація,hard,school,reject,
w_d58d2e865d,психологічне насильство,hard,relationships,reject,
w_5726983769,пуританство,hard,personality,reject,
w_8bee33f48a,ратифікація,hard,society,reject,
w_1bd2232648,рвачтво,hard,behavior,reject,
w_a0549beb81,реабілітація,hard,actions,reject,
w_e5d3743a8a,резервний фонд,hard,work,reject,
w_d585967345,резолюція,hard,society,reject,
w_eca0f064f4,реквізиція,hard,events,reject,
w_22b9e3e2b1,рентабельність,hard,work,reject,
w_f22e488c4a,реплікація,hard,science,reject,
w_fb80bbf499,репресії,hard,society,reject,
w_60ce9649fe,респектабельність,hard,personality,reject,
w_ca1318694e,реституція,hard,society,reject,
w_7cf847b81c,референдум,hard,society,reject,
w_b4c1751ffa,рецесія,hard,society,reject,
w_2a0e862b8f,речник,hard,professions,reject,
w_5527820b4e,розкуркулення,hard,history,reject,
w_6f753f9951,розправа,hard,behavior,reject,
w_f82b672a7b,розпуста,hard,behavior,reject,
w_f74bcf74ae,розстріляне відродження,hard,history,reject,
w_4442de3d10,романтизація,hard,behavior,reject,
w_0ca48e33b3,ротонда,hard,places,reject,
w_af91f0509f,роялті,hard,work,reject,
w_9f818d93ea,рудимент,hard,science,reject,
w_e39cefeb2d,русифікація,hard,society,reject,
w_0037fb300d,самоврядування,hard,society,reject,
w_ef8d9176e7,самоненависть,hard,emotions,reject,
w_f1eec1f1f3,самоосуд,hard,emotions,reject,
w_77efb8d0b7,самоприниження,hard,emotions,reject,
w_13f38466aa,самосуд,hard,behavior,reject,
w_a7daff9faf,санкції,hard,society,reject,
w_0d9d67e731,сатисфакція,hard,behavior,reject,
w_660cb6e5b2,святенництво,hard,personality,reject,
w_567fbe7529,сегрегація,hard,society,reject,
w_4fe4a04668,секс без зобов'язань,hard,relationships,reject,
w_f0e8fe7718,сепаратизм,hard,society,reject,
w_7e82aab2d5,сибаритство,hard,personality,reject,
w_f3fd0ba159,синдикат,hard,work,reject,
w_ba9114df8f,синдром вцілілого,hard,emotions,reject,
w_a065bb2098,синергія,hard,work,reject,
w_d9e293ad7d,синкопа,hard,music,reject,
w_0fb1be0944,синхронність,hard,abstract,reject,
w_9b3aa9ff5d,сізіфова праця,hard,abstract,reject,
w_58d8e41f30,сіра зона,hard,society,reject,
w_422fca408e,склока,hard,relationships,reject,
w_8d703b7055,собівартість,hard,work,reject,
w_063a61aa33,сороковини,hard,events,reject,
w_8fa4d4e7c6,софізм,hard,abstract,reject,
w_696bd2627f,соціалізм,hard,society,reject,
w_2e0eddd730,соціологія,hard,science,reject,
w_298c515790,специфікація,hard,work,reject,
w_ba8fbe2e3a,списання,hard,work,reject,
w_70c9434be0,співзалежність,hard,relationships,reject,
w_6538753e0f,стагнація,hard,society,reject,
w_3f77d52372,старосвітськість,hard,personality,reject,
w_852298e596,стенографія,hard,school,reject,
w_ced3b5ae74,стигматизація,hard,behavior,reject,
w_97bf7775d0,стоїцизм,hard,abstract,reject,
w_6716cdaf36,суб'єктивність,hard,abstract,reject,
w_0184a8f04c,субординація,hard,work,reject,
w_e3765ec8e6,суверенітет,hard,society,reject,
w_fb58512cbf,сутяжництво,hard,behavior,reject,
w_61a373a9d1,сюїта,hard,music,reject,
w_d9af028a8a,тавтологія,hard,abstract,reject,
w_3a037afec5,таймшер,hard,travel,reject,
w_f8cfc1b074,танталові муки,hard,abstract,reject,
w_3115975402,таргетована реклама,hard,internet,reject,
w_61243ba0ce,тектоніка,hard,science,reject,
w_88f6a3de54,телефонне право,hard,behavior,reject,
w_7b0452c8e8,теократія,hard,society,reject,
w_c9f255d0db,термодинаміка,hard,science,reject,
w_508b0c543f,тестувальник,hard,professions,reject,
w_05c6240a71,тирада,hard,behavior,reject,
w_0b54c82ed9,тиснява,hard,events,reject,
w_bf32072f67,токата,hard,music,reject,
w_dd80ce7817,тоталітаризм,hard,society,reject,
w_e5efb4d5c8,тотожність,hard,abstract,reject,
w_ea36ac175c,трансформація,hard,actions,reject,
w_60b1a449f6,транш,hard,society,reject,
w_a3f5ebeb2c,трель,hard,music,reject,
w_0d95d74105,трема,hard,emotions,reject,
w_d56fd7af24,тунеядство,hard,behavior,reject,
w_3655eeb98e,туфта,hard,behavior,reject,
w_50f48fe134,утриманство,hard,relationships,reject,
w_a20dcc9853,фабула,hard,abstract,reject,
w_d35edaa564,фашизм,hard,society,reject,
w_eb7f3eba72,федерація,hard,society,reject,
w_f8eff589eb,фіглярство,hard,behavior,reject,
w_6ccb6eaee6,фігурант,hard,people,reject,
w_d8a2b4524e,фразеологізм,hard,school,reject,
w_1cc9fa9cca,франтівство,hard,behavior,reject,
w_94c7fb464c,фреон,hard,science,reject,
w_77656163cf,фундаменталізм,hard,society,reject,
w_5dcaa5d796,халіфат,hard,history,reject,
w_3e3f53f4ce,холдинг,hard,work,reject,
w_4d4d8ab845,холодна війна,hard,history,reject,
w_223b18f426,хронологія,hard,history,reject,
w_66daaed3f1,хунта,hard,society,reject,
w_c851d0d0b3,цвк,hard,society,reject,
w_40ba737c72,цейтнот,hard,games,reject,
w_7fc218ace4,цифровий слід,hard,internet,reject,
w_88e92d54b0,чинопочитання,hard,behavior,reject,
w_66349814cb,чорний піар,hard,behavior,reject,
w_d134397899,шістдесятники,hard,history,reject,
w_8384d97902,шовінізм,hard,society,reject,
w_c9864a9956,юрисдикція,hard,society,reject,
w_dd0ab866a9,юриспруденція,hard,society,reject,
w_15d1c7d70d,юродство,hard,behavior,reject,
